Country,Region,HappinessRank_2016,HappinessScore_2016,Economy_2016,Family_2016,Health_2016,Freedom_2016,Trust_2016,Generosity_2016,HappinessRank_2015,HappinessScore_2015,Economy_2015,Family_2015,Health_2015,Freedom_2015,Trust_2015,Generosity_2015,HappinessRank_2017,HappinessScore_2017,Economy_2017,Family_2017,Health_2017,Freedom_2017,Generosity_2017,Trust_2017,HappinessRank_2018,HappinessScore_2018,Economy_2018,Family_2018,Health_2018,Freedom_2018,Generosity_2018,HappinessRank_2019,HappinessScore_2019,Economy_2019,Family_2019,Health_2019,Freedom_2019,Generosity_2019,HappinessRank_2020,HappinessScore_2020,Economy_2020,Family_2020,Health_2020,Freedom_2020,Generosity_2020,HappinessRank_2021,HappinessScore_2021,Economy_2021,Family_2021,Health_2021,Freedom_2021,Generosity_2021,HappinessRank_2022,HappinessScore_2022,Economy_2022,Family_2022,Health_2022,Freedom_2022,Generosity_2022
Afghanistan,South Asia,154,3.36,0.38227,0.11037,0.17344,0.1643,0.07112,0.31268,153,3.575,0.31982,0.30285,0.30335,0.23414,0.09719,0.3651,141,3.79399991,0.401477218,0.581543326,0.180746779,0.10617952,0.311870933,0.06115783,145,3.632,0.332,0.537,0.255,0.085,0.191,154,3.203,0.35,0.517,0.361,0,0.158,153,2.566900015,0.746286058,0.470366955,0.525900002,0.396573007,-0.0964294,149,2.523,0.7695,0.463,0.52493,0.382,-0.102,146,2.404,0.758,0,0.289,0.289,0.289
Albania,Central and Eastern Europe,109,4.655,0.9553,0.50163,0.73007,0.31866,0.05301,0.1684,95,4.959,0.87867,0.80434,0.81325,0.35733,0.06413,0.14272,109,4.644000053,0.996192753,0.803685248,0.731159747,0.381498635,0.201312944,0.039864216,112,4.586,0.916,0.817,0.79,0.419,0.149,107,4.719,0.947,0.848,0.874,0.383,0.178,105,4.882699966,0.94179306,0.671070457,0.687081375,0.781994224,-0.042309489,93,5.117,0.952,0.697,0.68999,0.785,-0.03,90,5.199,1.439,0.646,0.719,0.719,0.719
Algeria,Middle East and Northern Africa,38,6.355,1.05266,0.83309,0.61804,0.21006,0.16157,0.07044,68,5.605,0.93929,1.07772,0.61766,0.28579,0.17383,0.07822,53,5.872000217,1.091864467,1.146217465,0.617584646,0.233335808,0.069436647,0.14609611,84,5.295,0.979,1.154,0.687,0.077,0.055,88,5.211,1.002,1.16,0.785,0.086,0.073,100,5.005099773,0.953796482,0.803385139,0.659051743,0.466610909,-0.121105164,109,4.887,0.9342,0.802,0.66005,0.48,-0.067,96,5.122,1.363,0.97,0.643,0.643,0.643
Angola,Sub-Saharan Africa,141,3.866,0.84731,0.66366,0.04991,0.00589,0.08434,0.12071,137,4.033,0.75778,0.8604,0.16683,0.10384,0.07122,0.12344,140,3.795000076,0.85842818,1.10441196,0.049868666,0,0.09792649,0.069720335,142,3.795,0.73,1.125,0.269,0,0.079,0,0,0,0,0,0,0,0,0,0,0,0.688038025,0,0,0,0,0,0,0,0,0,0,0,0,0,0,0,0
Argentina,Latin America and Caribbean,26,6.65,1.15137,1.06612,0.69711,0.42284,0.07296,0.10989,30,6.574,1.05351,1.24823,0.78723,0.44974,0.08484,0.11451,24,6.598999977,1.185295463,1.440451145,0.695137084,0.494519204,0.109457061,0.059739888,29,6.388,1.073,1.468,0.744,0.57,0.062,47,6.086,1.092,1.432,0.881,0.471,0.066,55,5.974699974,0.981095505,0.900567949,0.667506561,0.831132412,-0.194913864,57,5.929,0.9962,0.898,0.69,0.828,-0.182,57,5.967,1.592,1.102,0.662,0.662,0.662
Armenia,Central and Eastern Europe,121,4.36,0.86086,0.62477,0.64083,0.14037,0.03616,0.07793,127,4.35,0.76821,0.77711,0.7299,0.19847,0.039,0.07855,121,4.375999928,0.900596738,1.007483721,0.637524426,0.198303267,0.083488092,0.026674422,129,4.321,0.816,0.99,0.666,0.26,0.077,116,4.559,0.85,1.055,0.815,0.283,0.095,116,4.676799774,0.910047627,0.757479429,0.73604538,0.712017834,-0.13877961,86,5.283,0.9487,0.799,0.67055,0.825,-0.168,82,5.399,1.434,0.82,0.668,0.668,0.668
Australia,Australia and New Zealand,9,7.313,1.44443,1.10476,0.8512,0.56837,0.32331,0.47407,10,7.284,1.33358,1.30923,0.93156,0.65124,0.35637,0.43562,10,7.28399992,1.484414935,1.510041952,0.843886793,0.601607382,0.47769925,0.30118373,10,7.272,1.34,1.573,0.91,0.647,0.361,11,7.228,1.372,1.548,1.036,0.557,0.332,12,7.222799778,1.072059631,0.944854617,0.730025024,0.915431738,0.19046016,11,7.183,1.0796,0.94,0.739,0.914,0.159,12,7.162,1.9,1.203,0.772,0.772,0.772
Austria,Western Europe,12,7.119,1.45038,1.08383,0.80565,0.54355,0.21348,0.32865,13,7.2,1.33723,1.29704,0.89042,0.62433,0.18676,0.33088,13,7.006000042,1.487097263,1.459944963,0.815328419,0.56776619,0.316472322,0.221060365,12,7.139,1.341,1.504,0.891,0.617,0.242,10,7.246,1.376,1.475,1.016,0.532,0.244,9,7.294199944,1.07428236,0.928045869,0.655084,0.899989486,0.085429221,10,7.268,1.0906,0.934,0.733,0.908,0.042,11,7.163,1.931,1.165,0.774,0.774,0.774
Azerbaijan,Central and Eastern Europe,81,5.291,1.12373,0.76042,0.54504,0.35327,0.17914,0.0564,80,5.212,1.02389,0.93793,0.64045,0.3703,0.16065,0.07799,85,5.234000206,1.153601766,1.152400255,0.540775776,0.398155838,0.04526934,0.180987507,87,5.201,1.024,1.161,0.603,0.43,0.031,90,5.208,1.043,1.147,0.769,0.351,0.035,89,5.164800167,0.968772697,0.819308281,0.685,0.786824107,-0.240255281,90,5.171,0.9569,0.836,0.65656,0.814,-0.223,92,5.173,1.458,1.093,0.56,0.56,0.56
Bahrain,Middle East and Northern Africa,42,6.218,1.44024,0.94397,0.65696,0.47375,0.25772,0.17147,49,5.96,1.32376,1.21624,0.74716,0.45492,0.306,0.17362,41,6.086999893,1.488412261,1.323110461,0.653133035,0.536746919,0.172668487,0.25704217,43,6.105,1.338,1.366,0.698,0.594,0.243,37,6.199,1.362,1.368,0.871,0.536,0.255,40,6.227300167,1.067638016,0.876342118,0.64503067,0.905855775,0.13372919,22,6.647,1.0669,0.862,0.69495,0.925,0.089,21,6.647,1.854,1.029,0.625,0.625,0.625
Bangladesh,South Asia,110,4.643,0.54177,0.24749,0.52989,0.39778,0.12583,0.19132,109,4.694,0.39753,0.43106,0.60164,0.4082,0.12569,0.21222,110,4.607999802,0.586682975,0.735131741,0.533241034,0.478356659,0.172255352,0.123717859,115,4.5,0.532,0.85,0.579,0.58,0.153,125,4.456,0.562,0.928,0.723,0.527,0.166,107,4.832799911,0.82870636,0.687292993,0.66104332,0.90062499,-0.033664726,101,5.025,0.8454,0.693,0.648,0.877,-0.041,94,5.155,1.06,0.614,0.581,0.581,0.581
Belarus,Central and Eastern Europe,61,5.802,1.13062,1.04993,0.63104,0.29091,0.17457,0.13942,59,5.813,1.03192,1.23289,0.73608,0.37938,0.1909,0.11046,67,5.568999767,1.15655756,1.444945216,0.637714267,0.295400262,0.155137509,0.156313822,73,5.483,1.039,1.498,0.7,0.307,0.101,81,5.323,1.067,1.465,0.789,0.235,0.094,75,5.539899826,0.977994537,0.90674746,0.72001648,0.639163077,-0.164926544,75,5.534,0.9853,0.91,0.66253,0.65,-0.18,65,5.821,1.562,1.157,0.629,0.629,0.629
Belgium,Western Europe,18,6.929,1.42539,1.05249,0.81959,0.51354,0.26248,0.2424,19,6.937,1.30782,1.28566,0.89667,0.5845,0.2254,0.2225,17,6.890999794,1.463780761,1.462312698,0.818091869,0.539770722,0.231503338,0.251343131,16,6.927,1.324,1.483,0.894,0.583,0.188,18,6.923,1.356,1.504,0.986,0.473,0.16,20,6.863500118,1.06736393,0.911632538,0.543124657,0.813582063,-0.078691199,20,6.834,1.0823,0.906,0.72199,0.783,-0.153,19,6.805,1.907,1.106,0.764,0.764,0.764
Belize,Latin America and Caribbean,52,5.956,0.87616,0.68655,0.45569,0.51231,0.10771,0.23684,155,3.34,0.28665,0.35386,0.3191,0.4845,0.0801,0.1826,50,5.955999851,0.907975316,1.081417799,0.450191766,0.547509372,0.240015641,0.096581072,49,5.956,0.807,1.101,0.474,0.593,0.183,0,0,0,0,0,0,0,0,0,0,0,0.636004715,0,0,0,0,0,0,0,0,0,0,0,0,0,0,0,0
Benin,Sub-Saharan Africa,153,3.484,0.39499,0.10419,0.21028,0.39747,0.06681,0.2018,79,5.253,0.77042,1.10395,0.57407,0.53206,0.15445,0.47998,143,3.657000065,0.431085408,0.435299844,0.209930211,0.425962776,0.207948461,0.060929015,136,4.141,0.378,0.372,0.24,0.44,0.163,102,4.883,0.393,0.437,0.397,0.349,0.175,86,5.21600008,0.767431974,0.468671143,0.67808136,0.735182583,-0.003537213,99,5.045,0.8087,0.489,0.54713,0.757,-0.034,115,4.623,0.932,0.064,0.335,0.335,0.335
Bhutan,South Asia,84,5.196,0.8527,0.90836,0.49759,0.46074,0.1616,0.48546,51,5.89,0.68133,0.97841,0.5392,0.57414,0.088,0.20536,97,5.011000156,0.885416389,1.340126514,0.495879292,0.501537681,0.474054545,0.17338039,97,5.082,0.796,1.335,0.527,0.541,0.364,95,5.082,0.813,1.321,0.604,0.457,0.37,0,0,0,0,0.589244537,0,0,0,0,0,0,0,0,0,0,0,0,0,0,0,0
Bolivia,Latin America and Caribbean,59,5.822,0.79422,0.83779,0.4697,0.50961,0.07746,0.21698,96,4.949,0.83223,0.91916,0.79081,0.09245,0.00227,0.24808,58,5.822999954,0.833756566,1.227619052,0.47363025,0.558732927,0.225560725,0.060477726,62,5.752,0.751,1.223,0.508,0.606,0.141,61,5.779,0.776,1.209,0.706,0.511,0.137,65,5.747499943,0.885111523,0.803108692,0.664801636,0.875873327,-0.09168113,69,5.716,0.9046,0.81,0.63901,0.875,-0.077,71,5.6,1.256,0.88,0.555,0.555,0.555
Bosnia and Herzegovina,Central and Eastern Europe,87,5.163,0.93383,0.64367,0.70766,0.09511,0,0.29889,128,4.332,0.99355,1.10464,0.04776,0.49495,0.12474,0.10461,90,5.18200016,0.982409418,1.069335938,0.705186307,0.204403177,0.328867495,0,93,5.129,0.915,1.078,0.758,0.28,0.216,78,5.386,0.945,1.212,0.845,0.212,0.263,69,5.674099922,0.945581722,0.829204142,0.66803978,0.651352704,0.098274559,64,5.813,0.959,0.87,0.68098,0.706,0.113,67,5.768,1.468,1.068,0.665,0.665,0.665
Botswana,Sub-Saharan Africa,137,3.974,1.09426,0.89186,0.34752,0.44089,0.10769,0.12425,16,6.983,0.98124,1.23287,0.69702,0.49049,0.17521,0.14574,142,3.766000032,1.122094154,1.221554995,0.341755509,0.505196333,0.099348448,0.098583199,146,3.59,1.017,1.174,0.417,0.557,0.042,148,3.488,1.041,1.145,0.538,0.455,0.025,147,3.478899956,0.971120358,0.779121757,0.538894539,0.821328104,-0.250394493,146,3.467,0.9782,0.784,0.59269,0.824,-0.246,142,3.471,1.503,0.815,0.28,0.28,0.28
Brazil,Latin America and Caribbean,17,6.952,1.08754,1.03938,0.61415,0.40425,0.14166,0.15776,134,4.218,1.01216,1.10614,0.76649,0.30587,0.00872,0.11921,22,6.635000229,1.10735321,1.431306005,0.616552353,0.437453747,0.162349895,0.111092761,28,6.419,0.986,1.474,0.675,0.493,0.11,32,6.3,1.004,1.439,0.802,0.39,0.099,32,6.375599861,0.956643486,0.896723807,0.534000015,0.799804807,-0.101812392,35,6.33,0.9577,0.882,0.66601,0.804,-0.071,38,6.293,1.462,1.044,0.615,0.615,0.615
Bulgaria,Central and Eastern Europe,129,4.217,1.11306,0.92542,0.67806,0.21219,0.00615,0.12793,152,3.587,0.25812,0.85188,0.27125,0.39493,0.12832,0.21747,105,4.714000225,1.161459088,1.434379458,0.70821768,0.289231718,0.113177694,0.011051531,100,4.933,1.054,1.515,0.712,0.359,0.064,97,5.011,1.092,1.513,0.815,0.311,0.081,96,5.101500034,0.986931896,0.937840343,0.615299683,0.745178163,-0.143908441,88,5.266,1.0016,0.931,0.67,0.788,-0.096,85,5.371,1.625,1.163,0.64,0.64,0.64
Burkina Faso,Sub-Saharan Africa,145,3.739,0.31995,0.63054,0.21297,0.3337,0.12533,0.24353,157,2.905,0.0153,0.41587,0.22396,0.1185,0.10062,0.19727,134,4.032000065,0.350227714,1.043280005,0.215844259,0.324367851,0.250864685,0.120328106,121,4.424,0.314,1.097,0.254,0.312,0.175,115,4.587,0.331,1.056,0.38,0.255,0.177,112,4.768700123,0.746854496,0.712943614,0.527049408,0.665563583,-0.019080516,113,4.834,0.7678,0.672,0.54151,0.695,-0.009,113,4.67,0.779,0.565,0.32,0.32,0.32
Burundi,Sub-Saharan Africa,157,2.905,0.06831,0.23442,0.15747,0.0432,0.09419,0.2029,145,3.819,0.46038,0.62736,0.61114,0.66246,0.07247,0.40359,154,2.904999971,0.091622569,0.629793584,0.151610792,0.059900753,0.204435185,0.084147945,156,2.905,0.091,0.627,0.145,0.065,0.149,145,3.775,0.046,0.447,0.38,0.22,0.176,140,3.775300026,0.64926424,0.490325719,0.736016007,0.626350224,-0.017551597,140,3.775,0.6635,0.49,0.534,0.626,-0.024,0,0,0,0,0,0,0
Cambodia,Southeastern Asia,140,3.907,0.55604,0.5375,0.42494,0.58852,0.08092,0.40339,133,4.252,0.4225,0.88767,0.23402,0.49309,0.05786,0.20618,129,4.168000221,0.601765096,1.006238341,0.429783404,0.633375823,0.385922968,0.068105951,120,4.433,0.549,1.088,0.457,0.696,0.256,109,4.7,0.574,1.122,0.637,0.609,0.232,106,4.848400116,0.824989033,0.773080647,0.452000008,0.959704638,0.051911179,114,4.83,0.836,0.765,0.62,0.959,0.034,114,4.64,1.019,0.732,0.505,0.505,0.505
Cameroon,Sub-Saharan Africa,114,4.513,0.52497,0.62542,0.12698,0.42736,0.06126,0.2268,5,7.427,1.32629,1.32261,0.90563,0.63297,0.32957,0.45811,107,4.695000172,0.564305365,0.946018219,0.132892117,0.430388749,0.236298457,0.051306631,99,4.975,0.535,0.891,0.182,0.454,0.183,96,5.044,0.549,0.91,0.331,0.381,0.187,98,5.084899902,0.811864758,0.700386405,0.482205391,0.763051808,-0.00149645,91,5.142,0.8189,0.71,0.53515,0.731,0.026,102,5.048,0.968,0.672,0.317,0.317,0.317
Canada,North America,6,7.404,1.44015,1.0961,0.8276,0.5737,0.31329,0.44834,148,3.678,0.0785,0,0.06699,0.48879,0.08289,0.23835,7,7.315999985,1.479204416,1.481348991,0.834557652,0.611100912,0.435539722,0.287371516,7,7.328,1.33,1.532,0.896,0.653,0.321,9,7.278,1.365,1.505,1.039,0.584,0.285,11,7.23210001,1.069236851,0.927176654,0.699006195,0.933913231,0.124770768,14,7.103,1.0776,0.926,0.738,0.915,0.089,15,7.025,1.886,1.188,0.783,0.783,0.783
Central African Republic,Sub-Saharan Africa,0,0,0,0,0,0,0,0,0,0,0,0,0,0,0,0,155,2.693000078,0,0,0.018772686,0.270842046,0.280876487,0.056565076,155,3.083,0.024,0,0.01,0.305,0.218,155,3.083,0.026,0,0.105,0.225,0.235,149,3.475899935,0.662516022,0.319459856,0.692891922,0.640880644,0.082410358,0,0,0,0,0,0,0,0,0,0,0,0,0,0
Chad,Sub-Saharan Africa,144,3.763,0.42214,0.63178,0.03824,0.12807,0.04952,0.18667,149,3.667,0.34193,0.76062,0.1501,0.23501,0.05269,0.18386,137,3.936000109,0.438012987,0.953855872,0.041134715,0.162342027,0.21611385,0.053581882,131,4.301,0.358,0.907,0.053,0.189,0.181,132,4.35,0.35,0.766,0.192,0.174,0.198,127,4.422699928,0.74679637,0.632388055,0.67699585,0.587305248,0.017834719,128,4.355,0.7364,0.619,0.48478,0.579,0.041,130,4.251,0.662,0.506,0.225,0.225,0.225
Chile,Latin America and Caribbean,24,6.705,1.2167,0.90587,0.81883,0.37789,0.11451,0.31595,27,6.67,1.10715,1.12447,0.85857,0.44132,0.12869,0.33363,20,6.65199995,1.25278461,1.284024954,0.819479704,0.376895279,0.326662421,0.082287982,25,6.476,1.131,1.331,0.808,0.431,0.197,26,6.444,1.159,1.369,0.92,0.357,0.187,39,6.228499889,1.00320549,0.879713595,0.573490105,0.744896293,-0.065668367,43,6.172,1.0071,0.882,0.7,0.742,-0.044,44,6.172,1.651,1.08,0.748,0.748,0.748
China,Eastern Asia,83,5.245,1.0278,0.79381,0.73561,0.44012,0.02745,0.04959,84,5.14,0.89012,0.94675,0.81658,0.51697,0.02781,0.08185,79,5.272999763,1.081165791,1.160837412,0.741415501,0.472787708,0.028806841,0.022794275,86,5.246,0.989,1.142,0.799,0.597,0.029,93,5.191,1.029,1.125,0.893,0.521,0.058,94,5.123899937,0.968856812,0.798760593,0.579244804,0.898517907,-0.18142575,84,5.339,0.9673,0.811,0.69593,0.904,-0.146,72,5.585,1.508,0.958,0.705,0.705,0.705
Colombia,Latin America and Caribbean,31,6.481,1.03032,1.02169,0.59659,0.44735,0.05399,0.15626,33,6.477,0.91861,1.24018,0.69077,0.53466,0.0512,0.18401,36,6.356999874,1.070622325,1.402182937,0.595027924,0.477487415,0.149014473,0.046668742,37,6.26,0.96,1.439,0.635,0.531,0.099,43,6.125,0.985,1.41,0.841,0.47,0.099,44,6.163400173,0.950036907,0.884440243,0.529000015,0.836179912,-0.161235645,52,6.012,0.9557,0.847,0.68001,0.837,-0.135,66,5.781,1.452,0.929,0.72,0.72,0.72
Comoros,Sub-Saharan Africa,138,3.956,0.27509,0.60323,0.29981,0.15412,0.18437,0.1827,140,3.956,0.23906,0.79273,0.36315,0.22917,0.199,0.17441,0,0,0,0,0,0,0,0,114,4.559,0.682,0.811,0.343,0.514,0.091,142,3.973,0.274,0.757,0.505,0.142,0.275,134,4.288599968,0.783363009,0.625662446,0.712998505,0.547612607,0.090008408,131,4.289,0.8031,0.626,0.57349,0.548,0.082,116,4.609,0.899,0.476,0.424,0.424,0.424
Congo (Brazzaville),Sub-Saharan Africa,127,4.236,0.77109,0.47799,0.28212,0.37938,0.09753,0.12077,139,3.989,0.67866,0.6629,0.31051,0.41466,0.11686,0.12388,124,4.290999889,0.808964252,0.832044363,0.289957434,0.435025871,0.120852128,0.079618134,132,4.245,0.069,1.136,0.204,0.312,0.197,103,4.812,0.673,0.799,0.508,0.372,0.105,88,5.194399834,0.853698731,0.640228093,0.702149048,0.719058514,-0.123674095,83,5.342,0.8117,0.636,0.58221,0.695,-0.068,99,5.075,0.95,0.405,0.355,0.355,0.355
Congo (Kinshasa),Sub-Saharan Africa,125,4.272,0.05661,0.80676,0.188,0.15602,0.06075,0.25458,120,4.517,0,1.0012,0.09806,0.22605,0.07625,0.24834,126,4.28000021,0.092102349,1.229023457,0.191407025,0.235961348,0.246455833,0.060241356,0,0,0,0,0,0,0,127,4.418,0.094,1.125,0.357,0.269,0.212,131,4.31099987,0.669425631,0.672159016,0.737022247,0.700793564,0.083637655,0,0,0,0,0,0,0,99,5.075,0.95,0.405,0.355,0.355,0.355
Costa Rica,Latin America and Caribbean,14,7.087,1.06879,1.02152,0.76146,0.55225,0.10547,0.22553,12,7.226,0.95578,1.23788,0.86027,0.63376,0.10583,0.25497,12,7.078999996,1.109706283,1.416403651,0.759509265,0.58013165,0.214613229,0.100106589,13,7.072,1.01,1.459,0.817,0.632,0.143,12,7.167,1.034,1.441,0.963,0.558,0.144,15,7.121399879,0.96581564,0.901545942,0.700479355,0.934738934,-0.10242971,16,7.069,0.988,0.891,0.714,0.934,-0.126,23,6.582,1.584,1.054,0.744,0.744,0.744
Croatia,Central and Eastern Europe,74,5.488,1.18649,0.60809,0.70524,0.23907,0.04002,0.18434,62,5.759,1.08254,0.79624,0.78805,0.25883,0.0243,0.05444,77,5.293000221,1.222556233,0.967983007,0.701288521,0.255772293,0.248002976,0.04310311,82,5.321,1.115,1.161,0.737,0.38,0.12,75,5.432,1.155,1.266,0.914,0.296,0.119,79,5.504700184,1.007087517,0.874623716,0.72402504,0.714838803,-0.128538325,60,5.882,1.0217,0.924,0.70799,0.754,-0.118,47,6.125,1.705,1.183,0.709,0.709,0.709
Cyprus,Western Europe,69,5.546,1.31857,0.70697,0.8488,0.29507,0.05228,0.27906,67,5.689,1.20813,0.89318,0.92356,0.40672,0.06146,0.30638,65,5.620999813,1.355938077,1.131363273,0.844714701,0.355111539,0.271254301,0.041237976,61,5.762,1.229,1.191,0.909,0.423,0.202,49,6.046,1.263,1.223,1.042,0.406,0.19,45,6.15899992,1.040570259,0.805996239,0.658074875,0.779858291,0.043731496,39,6.223,1.0576,0.802,0.73898,0.763,-0.015,41,6.221,1.815,0.909,0.819,0.819,0.819
Czechia,Western Europe,0,0,0,0,0,0,0,0,0,0,0,0,0,0,0,0,0,0,0,0,0,0,0,0,0,0,0,0,0,0,0,0,0,0,0,0,0,0,0,0,0,0,0,0,0,0,0,0,0,0,0,0,18,6.92,1.815,1.26,0.715,0.715,0.715
Czech Republic,Central and Eastern Europe,27,6.596,1.30915,1.00793,0.76376,0.41418,0.03986,0.09929,31,6.505,1.17898,1.20643,0.84483,0.46364,0.02652,0.10686,23,6.609000206,1.352682352,1.433885217,0.754444003,0.490946174,0.088106759,0.036872927,21,6.711,1.233,1.489,0.854,0.543,0.064,20,6.852,1.269,1.487,0.92,0.457,0.046,19,6.910900116,1.040416336,0.914430678,0.685000382,0.818537354,-0.230861515,18,6.965,1.0556,0.947,0.70807,0.858,-0.208,0,0,0,0,0,0,0
Denmark,Western Europe,1,7.526,1.44178,1.16374,0.79504,0.57941,0.44453,0.36171,3,7.527,1.32548,1.36058,0.87464,0.64938,0.48357,0.34139,2,7.521999836,1.482383013,1.551121593,0.792565525,0.626006722,0.355280489,0.400770068,3,7.555,1.351,1.59,0.868,0.683,0.284,2,7.6,1.383,1.573,0.996,0.592,0.252,2,7.645599842,1.077400112,0.955990791,0.617801514,0.951444268,0.066201776,2,7.62,1.0933,0.954,0.727,0.946,0.03,2,7.636,1.953,1.243,0.777,0.777,0.777
Djibouti,Sub-Saharan Africa,0,0,0,0,0,0,0,0,126,4.369,0.44025,0.59207,0.36291,0.46074,0.28105,0.18093,0,0,0,0,0,0,0,0,0,0,0,0,0,0,0,0,0,0,0,0,0,0,0,0,0,0,0.661082611,0,0,0,0,0,0,0,0,0,0,0,0,0,0,0,0
Dominican Republic,Latin America and Caribbean,89,5.155,1.02787,0.99496,0.57669,0.52259,0.12372,0.21286,98,4.885,0.89537,1.17202,0.66825,0.57672,0.14234,0.21684,86,5.230000019,1.079373837,1.402416706,0.574873745,0.552589834,0.18696785,0.113945253,83,5.302,0.982,1.441,0.614,0.578,0.12,77,5.425,1.015,1.401,0.779,0.497,0.113,68,5.689199924,0.966488075,0.882085383,0.686049576,0.866202772,-0.131263286,73,5.545,0.9802,0.853,0.66102,0.86,-0.133,69,5.737,1.538,1.003,0.577,0.577,0.577
Ecuador,Latin America and Caribbean,51,5.976,0.97306,0.85974,0.68613,0.4027,0.18037,0.10074,48,5.975,0.86402,0.99903,0.79075,0.48574,0.1809,0.11541,44,6.007999897,1.000820398,1.286168814,0.685636222,0.455198199,0.150112465,0.140134647,48,5.973,0.889,1.33,0.736,0.556,0.114,50,6.028,0.912,1.312,0.868,0.498,0.126,58,5.925199986,0.924605846,0.836418986,0.586395912,0.859828949,-0.127014965,66,5.764,0.9313,0.821,0.688,0.842,-0.124,76,5.533,1.352,0.879,0.708,0.708,0.708
Egypt,Middle East and Northern Africa,120,4.362,0.95395,0.49813,0.52116,0.18847,0.10393,0.12706,135,4.194,0.8818,0.747,0.61712,0.17288,0.06324,0.11291,104,4.735000134,0.989701807,0.997471392,0.520187259,0.282110155,0.128631443,0.114381365,122,4.419,0.885,1.025,0.553,0.312,0.092,137,4.166,0.913,1.039,0.644,0.241,0.076,138,4.151400089,0.931654167,0.735447824,0.719008255,0.708354175,-0.196878314,132,4.283,0.9367,0.75,0.61998,0.749,-0.182,129,4.288,1.388,0.732,0.548,0.548,0.548
El Salvador,Latin America and Caribbean,46,6.068,0.8737,0.80975,0.596,0.37269,0.10613,0.08877,42,6.13,0.76454,1.02507,0.67737,0.4035,0.11776,0.10692,45,6.002999783,0.909784496,1.182125092,0.596018553,0.43245253,0.078257985,0.08998096,40,6.167,0.806,1.231,0.639,0.461,0.065,35,6.253,0.794,1.242,0.789,0.43,0.093,34,6.34829998,0.890907574,0.806092262,0.738019333,0.833805263,-0.121072978,49,6.061,0.9054,0.762,0.66402,0.888,-0.11,49,6.12,1.265,0.768,0.607,0.607,0.607
Estonia,Central and Eastern Europe,72,5.517,1.27964,1.05163,0.68098,0.41511,0.18519,0.08423,73,5.429,1.15174,1.22791,0.77361,0.44888,0.15184,0.0868,66,5.611000061,1.32087934,1.4766711,0.695168316,0.47913143,0.098890811,0.183248922,63,5.739,1.2,1.532,0.737,0.553,0.086,55,5.893,1.237,1.528,0.874,0.495,0.103,51,6.021800041,1.034001732,0.934729993,0.597153397,0.87770915,-0.111697771,40,6.189,1.0481,0.941,0.688,0.909,-0.106,36,6.341,1.793,1.232,0.728,0.728,0.728
Eswatini,Sub-Saharan Africa,0,0,0,0,0,0,0,0,0,0,0,0,0,0,0,0,0,0,0,0,0,0,0,0,0,0,0,0,0,0,0,0,0,0,0,0,0,0,0,0,0,0,0,0,0,0,0,0,0,0,0,0,125,4.396,1.274,0.786,0.197,0.197,0.197
Ethiopia,Sub-Saharan Africa,115,4.508,0.29283,0.37932,0.34578,0.36703,0.1717,0.29522,122,4.512,0.19073,0.60406,0.44055,0.4345,0.15048,0.24325,119,4.460000038,0.339233845,0.864669204,0.353409708,0.408842742,0.31265074,0.165455714,127,4.35,0.308,0.95,0.391,0.452,0.22,134,4.286,0.336,1.033,0.532,0.344,0.209,136,4.186200142,0.750938559,0.743307352,0.550120163,0.740795195,0.043377332,133,4.275,0.7694,0.764,0.59,0.752,0.082,131,4.241,0.788,0.809,0.457,0.457,0.457
Finland,Western Europe,5,7.413,1.40598,1.13464,0.81091,0.57104,0.41004,0.25492,6,7.406,1.29025,1.31826,0.88911,0.64169,0.41372,0.23351,5,7.468999863,1.443571925,1.540246725,0.80915767,0.617950857,0.245482773,0.382611543,1,7.632,1.305,1.592,0.874,0.681,0.202,1,7.769,1.34,1.587,0.986,0.596,0.153,1,7.808700085,1.063926697,0.954329729,0.644952087,0.949172199,-0.059482019,1,7.842,1.0775,0.954,0.72,0.949,-0.098,1,7.821,1.892,1.258,0.775,0.775,0.775
France,Western Europe,32,6.478,1.39488,1.00508,0.83795,0.46562,0.17808,0.1216,29,6.575,1.27778,1.26038,0.94579,0.55011,0.20646,0.12332,31,6.441999912,1.430923462,1.387776852,0.844465852,0.470222116,0.129762307,0.172502428,23,6.489,1.293,1.466,0.908,0.52,0.098,24,6.592,1.324,1.472,1.045,0.436,0.111,23,6.663799763,1.058422279,0.937103748,0.722020187,0.825467646,-0.130641967,21,6.69,1.0704,0.942,0.74,0.822,-0.147,20,6.687,1.863,1.219,0.808,0.808,0.808
Gabon,Sub-Saharan Africa,134,4.121,1.15851,0.72368,0.3494,0.28098,0.09314,0.06244,143,3.896,1.06024,0.90528,0.43372,0.31914,0.11091,0.06822,118,4.465000153,1.198210239,1.155620217,0.356578588,0.312328577,0.043785378,0.076046787,103,4.758,1.036,1.164,0.404,0.356,0.032,104,4.799,1.057,1.183,0.571,0.295,0.043,108,4.829299927,0.968053722,0.787886858,0.572039871,0.704829216,-0.222261623,112,4.852,0.9603,0.776,0.59962,0.731,-0.2,106,4.958,1.459,0.738,0.396,0.396,0.396
Gambia,Sub-Saharan Africa,0,0,0,0,0,0,0,0,0,0,0,0,0,0,0,0,0,0,0,0,0,0,0,0,0,0,0,0,0,0,0,120,4.516,0.308,0.939,0.428,0.382,0.269,113,4.750599861,0.732181454,0.6931687,0.724052582,0.733163178,0.343198717,98,5.051,0.7686,0.69,0.5516,0.697,0.424,93,5.164,0.785,0.621,0.369,0.369,0.369
Georgia,Central and Eastern Europe,126,4.252,0.83792,0.19249,0.64035,0.32461,0.3188,0.06786,130,4.297,0.7419,0.38562,0.72926,0.40577,0.38331,0.05547,125,4.285999775,0.950612664,0.570614934,0.649546981,0.309410036,0.054008815,0.251666635,128,4.34,0.853,0.592,0.643,0.375,0.038,119,4.519,0.886,0.666,0.752,0.346,0.043,117,4.672599792,0.922610092,0.629033029,0.648089447,0.801641524,-0.22892037,108,4.891,0.9585,0.671,0.643,0.783,-0.238,105,4.973,1.467,0.612,0.595,0.595,0.595
Germany,Western Europe,16,6.994,1.44787,1.09774,0.81487,0.53466,0.28551,0.30452,26,6.75,1.32792,1.29937,0.89186,0.61477,0.21843,0.28214,16,6.951000214,1.487923384,1.472520351,0.798950732,0.562511384,0.33626917,0.276731938,15,6.965,1.34,1.474,0.861,0.586,0.273,17,6.985,1.373,1.454,0.987,0.495,0.261,17,7.075799942,1.07328186,0.898874462,0.544678001,0.867371082,0.080179386,13,7.155,1.0873,0.903,0.725,0.875,0.011,14,7.034,1.924,1.088,0.776,0.776,0.776
Ghana,Sub-Saharan Africa,124,4.276,0.63107,0.49353,0.29681,0.40973,0.0326,0.21203,114,4.633,0.54558,0.67954,0.40132,0.42342,0.04355,0.23087,131,4.119999886,0.667224824,0.873664737,0.295637727,0.423026294,0.256923944,0.02533637,108,4.657,0.592,0.896,0.337,0.499,0.212,98,4.996,0.611,0.868,0.486,0.381,0.245,91,5.147999763,0.835064507,0.728601098,0.555986252,0.794796526,0.094170853,95,5.088,0.858,0.727,0.57586,0.807,0.123,111,4.872,1.112,0.595,0.409,0.409,0.409
Greece,Western Europe,99,5.033,1.24886,0.75473,0.80029,0.05822,0.04127,0,102,4.857,1.15406,0.92933,0.88213,0.07699,0.01397,0,87,5.227000237,1.289487481,1.239414573,0.810198903,0.095731251,0,0.043289777,79,5.358,1.154,1.202,0.879,0.131,0,82,5.287,1.181,1.156,0.999,0.067,0,77,5.514999866,1.013232613,0.814380348,0.671987686,0.541345119,-0.300907373,68,5.723,1.0279,0.823,0.726,0.582,-0.288,58,5.948,1.703,0.98,0.774,0.774,0.774
Guatemala,Latin America and Caribbean,39,6.324,0.83454,0.87119,0.54039,0.50379,0.08701,0.28808,43,6.123,0.74553,1.04356,0.64425,0.57733,0.09472,0.27489,29,6.453999996,0.872001946,1.255585194,0.54023999,0.531310618,0.283488393,0.077223279,30,6.382,0.781,1.268,0.608,0.604,0.179,27,6.436,0.8,1.269,0.746,0.535,0.175,29,6.398900032,0.892480564,0.816621482,0.767717056,0.908147573,-0.042938665,30,6.435,0.9053,0.813,0.64958,0.906,-0.038,39,6.262,1.274,0.831,0.522,0.522,0.522
Guinea,Sub-Saharan Africa,151,3.607,0.22415,0.3109,0.18829,0.30953,0.1192,0.29914,150,3.656,0.17417,0.46475,0.24009,0.37725,0.12139,0.28657,149,3.506999969,0.24454993,0.791244686,0.194129139,0.348587513,0.264815092,0.110937618,140,3.964,0.344,0.792,0.211,0.394,0.185,118,4.534,0.38,0.829,0.375,0.332,0.207,102,4.949299812,0.775099039,0.637573481,0.676099701,0.706846774,0.076328471,102,4.984,0.7838,0.639,0.55008,0.697,0.095,109,4.891,0.848,0.566,0.275,0.275,0.275
Haiti,Latin America and Caribbean,136,4.028,0.34097,0.29561,0.27494,0.12072,0.14476,0.47958,119,4.518,0.26673,0.74302,0.38847,0.24425,0.17175,0.46187,145,3.602999926,0.368610263,0.640449822,0.27732113,0.030369857,0.489203781,0.09987215,148,3.582,0.315,0.714,0.289,0.025,0.392,147,3.597,0.323,0.688,0.449,0.026,0.419,142,3.720799923,0.741132927,0.593247831,0.73,0.537825167,0.40053457,143,3.615,0.7477,0.54,0.557,0.593,0.422,0,0,0,0,0,0,0
Honduras,Latin America and Caribbean,104,4.871,0.69429,0.75596,0.58383,0.26755,0.06906,0.2044,105,4.788,0.59532,0.95348,0.6951,0.40148,0.06825,0.23027,91,5.181000233,0.730573118,1.143944979,0.58256948,0.34807986,0.236188874,0.073345453,72,5.504,0.62,1.205,0.622,0.459,0.197,59,5.86,0.642,1.236,0.828,0.507,0.246,56,5.953199863,0.84245348,0.821870148,0.602151871,0.870603263,0.086969115,59,5.919,0.8648,0.812,0.673,0.857,0.081,55,6.022,1.111,0.885,0.555,0.555,0.555
Hong Kong,Eastern Asia,75,5.458,1.5107,0.87021,0.95277,0.48079,0.31647,0.40097,72,5.474,1.38604,1.05818,1.01328,0.59608,0.37124,0.39478,71,5.472000122,1.551674843,1.262790918,0.943062425,0.490968645,0.374465793,0.293933749,76,5.43,1.405,1.29,1.03,0.524,0.246,76,5.43,1.438,1.277,1.122,0.44,0.258,78,5.510399818,1.09346714,0.845969081,0.621558495,0.779833794,0.134979904,76,5.477,1.1,0.836,0.7682,0.717,0.067,81,5.425,1.957,0.954,0.942,0.942,0.942
Hungary,Central and Eastern Europe,91,5.145,1.24142,0.93164,0.67608,0.1977,0.04472,0.099,104,4.8,1.12094,1.20215,0.75905,0.32112,0.02758,0.128,75,5.323999882,1.286011934,1.343133092,0.687763453,0.175863519,0.078401662,0.036636937,69,5.62,1.171,1.401,0.732,0.259,0.061,62,5.758,1.201,1.41,0.828,0.199,0.081,53,6.000400066,1.024924374,0.921934128,0.660061493,0.718964577,-0.194323018,53,5.992,1.0358,0.943,0.68,0.755,-0.186,51,6.086,1.748,1.233,0.668,0.668,0.668
Iceland,Western Europe,3,7.501,1.42666,1.18326,0.86733,0.56624,0.14975,0.47678,2,7.561,1.30232,1.40223,0.94784,0.62877,0.14145,0.4363,3,7.504000187,1.48063302,1.610574007,0.833552122,0.627162635,0.475540221,0.153526559,4,7.495,1.343,1.644,0.914,0.677,0.353,4,7.494,1.38,1.624,1.026,0.591,0.354,4,7.504499912,1.077255917,0.974669576,0.599035492,0.948891878,0.246944219,4,7.554,1.0878,0.983,0.73,0.955,0.16,3,7.557,1.936,1.32,0.803,0.803,0.803
India,South Asia,118,4.404,0.74036,0.29247,0.45091,0.40285,0.08722,0.25028,117,4.565,0.64499,0.38174,0.51529,0.39786,0.08492,0.26475,122,4.315000057,0.792221248,0.754372597,0.455427617,0.469987005,0.231538489,0.092226885,133,4.19,0.721,0.747,0.485,0.539,0.172,140,4.015,0.755,0.765,0.588,0.498,0.2,144,3.573299885,0.884982395,0.592200935,0.723007889,0.881444871,0.057551607,139,3.819,0.8755,0.603,0.60633,0.893,0.089,136,3.777,1.167,0.376,0.471,0.471,0.471
Indonesia,Southeastern Asia,79,5.314,0.95104,0.87625,0.49374,0.39237,0.00322,0.56521,74,5.399,0.82827,1.08708,0.63793,0.46611,0,0.51535,81,5.262000084,0.995538592,1.274444699,0.492345721,0.443323463,0.611704588,0.015317135,96,5.093,0.899,1.215,0.522,0.538,0.484,92,5.192,0.931,1.203,0.66,0.491,0.498,84,5.285600185,0.936975193,0.808379889,0.732002564,0.870614409,0.519586504,82,5.345,0.9365,0.811,0.62236,0.873,0.542,87,5.24,1.382,0.883,0.539,0.539,0.539
Iran,Middle East and Northern Africa,105,4.813,1.11758,0.38857,0.64232,0.22544,0.0557,0.38538,110,4.686,1.0088,0.54447,0.69805,0.30033,0.05863,0.38086,108,4.691999912,1.156873107,0.711551249,0.639333189,0.249322608,0.387242913,0.048761073,106,4.707,1.059,0.771,0.691,0.459,0.282,117,4.548,1.1,0.842,0.785,0.305,0.27,118,4.672399998,0.981371975,0.694689691,0.736016846,0.647873282,0.117891103,118,4.721,0.9584,0.71,0.663,0.608,0.218,110,4.888,1.41,0.741,0.642,0.642,0.642
Iraq,Middle East and Northern Africa,112,4.575,1.07474,0.59205,0.51076,0.24856,0.13636,0.19589,112,4.677,0.98549,0.81889,0.60237,0,0.13788,0.17922,117,4.497000217,1.102710485,0.978613198,0.50118047,0.288555533,0.199637264,0.107215755,117,4.456,1.01,0.971,0.536,0.304,0.148,126,4.437,1.043,0.98,0.574,0.241,0.148,110,4.784800053,0.966109562,0.747694969,0.495037727,0.633182645,-0.06956476,111,4.854,0.924,0.746,0.60583,0.63,-0.053,107,4.941,1.289,0.682,0.554,0.554,0.554
Ireland,Western Europe,19,6.907,1.48341,1.16157,0.81455,0.54008,0.29754,0.44963,18,6.94,1.33596,1.36948,0.89533,0.61777,0.28703,0.45901,15,6.977000237,1.535706639,1.558231115,0.809782624,0.573110342,0.427858323,0.298388153,14,6.977,1.448,1.583,0.876,0.614,0.307,16,7.021,1.499,1.553,0.999,0.516,0.298,16,7.093699932,1.116097832,0.942081571,0.670999985,0.886982977,0.145784974,15,7.085,1.1342,0.947,0.724,0.879,0.077,13,7.041,2.129,1.166,0.779,0.779,0.779
Israel,Middle East and Northern Africa,11,7.267,1.33766,0.99537,0.84917,0.36432,0.08728,0.32288,11,7.278,1.22857,1.22393,0.91387,0.41319,0.07785,0.33172,11,7.212999821,1.375382423,1.376289964,0.838404,0.405988604,0.330082655,0.0852421,19,6.814,1.301,1.559,0.883,0.533,0.354,13,7.139,1.276,1.455,1.029,0.371,0.261,14,7.128600121,1.041752529,0.913571239,0.750009689,0.747580588,0.10259372,12,7.157,1.0575,0.939,0.73503,0.8,0.031,9,7.364,1.826,1.221,0.818,0.818,0.818
Italy,Western Europe,50,5.977,1.35495,1.04167,0.85102,0.18827,0.02556,0.16684,50,5.948,1.25114,1.19777,0.95446,0.26236,0.02901,0.22823,48,5.964000225,1.395066619,1.444923282,0.853144348,0.256450713,0.172789648,0.028028091,47,6,1.264,1.501,0.946,0.281,0.137,36,6.223,1.294,1.488,1.039,0.231,0.158,30,6.38740015,1.048183632,0.889878571,0.667997513,0.66465199,-0.043460999,28,6.483,1.0623,0.88,0.738,0.693,-0.084,31,6.467,1.834,1.052,0.801,0.801,0.801
Ivory Coast,Sub-Saharan Africa,139,3.916,0.55507,0.57576,0.04476,0.40663,0.1553,0.20338,151,3.655,0.46534,0.77115,0.15185,0.46866,0.17922,0.20165,128,4.179999828,0.603048921,0.90478003,0.04864217,0.447706193,0.20123747,0.130061775,107,4.671,0.541,0.872,0.08,0.467,0.146,99,4.944,0.569,0.808,0.232,0.352,0.154,85,5.233300209,0.822556114,0.658048689,0.646099625,0.727909327,-0.043991156,85,5.306,0.8551,0.644,0.50114,0.741,-0.016,88,5.235,1.094,0.442,0.322,0.322,0.322
Jamaica,Latin America and Caribbean,73,5.51,0.89333,0.96372,0.59469,0.43597,0.04294,0.22245,65,5.709,0.81038,1.15102,0.68741,0.50442,0.02299,0.2123,76,5.31099987,0.925579309,1.368218064,0.641022384,0.474307239,0.233818337,0.055267781,56,5.89,0.819,1.493,0.693,0.575,0.096,56,5.89,0.831,1.478,0.831,0.49,0.107,60,5.889800072,0.900625038,0.915701866,0.600969315,0.858068526,-0.125106767,37,6.309,0.9186,0.877,0.675,0.89,-0.137,63,5.85,1.296,1.045,0.646,0.646,0.646
Japan,Eastern Asia,53,5.921,1.38007,1.06054,0.91491,0.46761,0.18985,0.10224,46,5.987,1.27074,1.25712,0.99111,0.49615,0.1806,0.10705,51,5.920000076,1.416915178,1.436337829,0.913475871,0.505625546,0.120572768,0.163760737,54,5.915,1.294,1.462,0.988,0.553,0.079,58,5.886,1.327,1.419,1.088,0.445,0.069,62,5.870800018,1.057968903,0.883545935,0.638855553,0.809961379,-0.246910349,56,5.94,1.0611,0.884,0.751,0.796,-0.258,54,6.039,1.835,1.089,0.866,0.866,0.866
Jordan,Middle East and Northern Africa,80,5.303,0.99673,0.86216,0.60712,0.36023,0.13297,0.14262,82,5.192,0.90198,1.05392,0.69639,0.40661,0.14293,0.11053,74,5.335999966,0.991012394,1.239088893,0.604590058,0.418421149,0.17217046,0.119803272,90,5.161,0.822,1.265,0.645,0.468,0.13,101,4.906,0.837,1.225,0.815,0.383,0.11,119,4.633399963,0.902599907,0.80216372,0.667676468,0.75104779,-0.162565202,127,4.395,0.9182,0.767,0.67,0.755,-0.167,134,4.152,1.324,0.724,0.675,0.675,0.675
Kazakhstan,Central and Eastern Europe,54,5.919,1.22943,0.95544,0.57386,0.4052,0.11132,0.15011,54,5.855,1.12254,1.12241,0.64368,0.51649,0.08454,0.11827,60,5.818999767,1.28455627,1.384369016,0.606041551,0.437454283,0.201964423,0.119282886,60,5.79,1.143,1.516,0.631,0.454,0.148,60,5.809,1.173,1.508,0.729,0.41,0.146,50,6.057899952,1.011465836,0.934744895,0.641060104,0.811601937,-0.068488635,45,6.152,1.0155,0.952,0.652,0.853,-0.069,40,6.234,1.668,1.22,0.611,0.611,0.611
Kenya,Sub-Saharan Africa,122,4.356,0.52267,0.7624,0.30147,0.40576,0.06686,0.41328,125,4.419,0.36471,0.99876,0.41435,0.42215,0.05839,0.37542,112,4.552999973,0.560479462,1.067950726,0.30998835,0.452763766,0.444860309,0.064641319,124,4.41,0.493,1.048,0.454,0.504,0.352,121,4.509,0.512,0.983,0.581,0.431,0.372,121,4.583000183,0.802977562,0.702652037,0.587099228,0.829747558,0.294681519,121,4.607,0.8361,0.688,0.60704,0.779,0.287,119,4.543,1.032,0.605,0.401,0.401,0.401
Kosovo,Central and Eastern Europe,77,5.401,0.90145,0.66062,0.54,0.14396,0.06547,0.27992,69,5.589,0.80148,0.81198,0.63132,0.24749,0.04741,0.2831,78,5.278999805,0.951484382,1.137853503,0.54145205,0.260287941,0.319931448,0.057471618,66,5.662,0.855,1.23,0.578,0.448,0.274,46,6.1,0.882,1.232,0.758,0.489,0.262,35,6.325200081,0.920442963,0.820726514,0.668074646,0.861535907,0.190933764,33,6.372,0.9318,0.821,0.63813,0.869,0.257,32,6.455,1.362,0.949,0.569,0.569,0.569
Kuwait,Middle East and Northern Africa,41,6.239,1.61714,0.87758,0.63569,0.43166,0.23669,0.15965,39,6.295,1.55422,1.16594,0.72492,0.55499,0.25609,0.16228,39,6.105000019,1.632952452,1.259698749,0.632105708,0.496337593,0.228289798,0.21515955,45,6.083,1.474,1.301,0.675,0.554,0.167,51,6.021,1.5,1.319,0.808,0.493,0.142,48,6.102099895,1.108982468,0.846475244,0.671065826,0.872366488,-0.100184701,47,6.106,1.0817,0.843,0.669,0.867,-0.104,50,6.106,1.904,0.983,0.747,0.747,0.747
Kyrgyzstan,Central and Eastern Europe,85,5.185,0.56044,0.95434,0.55449,0.40212,0.04762,0.38432,77,5.286,0.47428,1.15115,0.65088,0.43477,0.04232,0.3003,98,5.004000187,0.596220076,1.394238591,0.553457797,0.454943389,0.428580374,0.039439179,92,5.131,0.53,1.416,0.594,0.54,0.281,86,5.261,0.551,1.438,0.723,0.508,0.3,74,5.541500092,0.814840508,0.887228489,0.48003624,0.909374893,0.154772058,67,5.744,0.8538,0.893,0.64401,0.935,0.119,64,5.828,1.069,1.109,0.638,0.638,0.638
Laos,Southeastern Asia,102,4.876,0.68042,0.5497,0.38291,0.52168,0.22423,0.43079,99,4.876,0.59066,0.73803,0.54909,0.59591,0.24249,0.42192,0,0,0,0,0,0,0,0,110,4.623,0.72,1.034,0.441,0.626,0.23,105,4.796,0.764,1.03,0.551,0.547,0.266,104,4.888599873,0.879858017,0.737502217,0.560963135,0.907213569,0.11137148,100,5.03,0.8947,0.728,0.58968,0.91,0.123,95,5.14,1.239,0.654,0.479,0.479,0.479
Latvia,Central and Eastern Europe,68,5.56,1.21788,0.95025,0.63952,0.27996,0.0889,0.17445,89,5.098,1.11312,1.09562,0.72437,0.29671,0.06332,0.18226,54,5.849999905,1.260748625,1.404714942,0.638566971,0.325707912,0.153074786,0.073842727,53,5.933,1.148,1.454,0.671,0.363,0.092,53,5.94,1.187,1.465,0.812,0.264,0.075,57,5.949999809,1.017531967,0.918288589,0.622999992,0.671237648,-0.186888844,51,6.032,1.0315,0.927,0.671,0.715,-0.162,42,6.18,1.732,1.221,0.637,0.637,0.637
Lebanon,Middle East and Northern Africa,93,5.129,1.12268,0.64184,0.76171,0.26228,0.03061,0.23693,103,4.839,1.02564,0.80001,0.83947,0.33916,0.04582,0.21854,88,5.224999905,1.074987531,1.129624248,0.735081077,0.288515985,0.264450759,0.03751383,80,5.358,0.965,1.179,0.785,0.503,0.214,91,5.197,0.987,1.224,0.815,0.216,0.166,111,4.771500111,0.93617239,0.824338138,0.67294075,0.551357508,-0.06121527,123,4.584,0.9626,0.848,0.67355,0.525,-0.073,145,2.955,1.392,0.498,0.631,0.631,0.631
Lesotho,Sub-Saharan Africa,0,0,0,0,0,0,0,0,0,0,0,0,0,0,0,0,139,3.808000088,0.521021247,1.190095186,0,0.390661299,0.157497272,0.11909464,141,3.808,0.472,1.215,0.079,0.423,0.116,144,3.802,0.489,1.169,0.168,0.359,0.107,143,3.652800083,0.796048832,0.780495703,0.725999985,0.738125861,-0.145732045,145,3.512,0.7926,0.787,0.487,0.715,-0.131,141,3.512,0.839,0.848,0,0,0
Liberia,Sub-Saharan Africa,150,3.622,0.10706,0.50353,0.23165,0.25748,0.04852,0.24063,97,4.898,0.37545,1.04103,0.07612,0.31767,0.12504,0.16388,148,3.532999992,0.119041793,0.872117937,0.229918197,0.332881182,0.266549885,0.038948249,149,3.495,0.076,0.858,0.267,0.419,0.206,141,3.975,0.073,0.922,0.443,0.37,0.233,124,4.557899952,0.705438042,0.70928055,0.675044251,0.735268712,0.04227322,120,4.625,0.7288,0.72,0.56498,0.735,0.05,97,5.122,0.636,0.67,0.309,0.309,0.309
Libya,Middle East and Northern Africa,67,5.615,1.06688,0.95076,0.52304,0.40672,0.10339,0.17087,116,4.571,0.0712,0.78968,0.34201,0.28531,0.06232,0.24362,68,5.525000095,1.101803064,1.35756433,0.52016902,0.46573323,0.152073666,0.09261021,70,5.566,0.985,1.35,0.553,0.496,0.116,72,5.525,1.044,1.303,0.673,0.416,0.133,80,5.488800049,0.97898159,0.825942934,0.591054268,0.773157001,-0.085054487,80,5.41,0.9622,0.827,0.623,0.771,-0.087,86,5.33,1.476,0.943,0.606,0.606,0.606
Lithuania,Central and Eastern Europe,60,5.813,1.2692,1.06411,0.64674,0.18929,0.0182,0.02025,63,5.754,1.13145,1.11862,0.7038,0.41668,0.11023,0.18295,52,5.90199995,1.314582348,1.473516107,0.62894994,0.234231785,0.010164657,0.011865643,50,5.952,1.197,1.527,0.716,0.35,0.026,42,6.149,1.238,1.515,0.818,0.291,0.043,41,6.215499878,1.034362602,0.926107109,0.575928879,0.747381449,-0.219725296,38,6.255,1.0499,0.935,0.67906,0.773,-0.203,34,6.446,1.804,1.204,0.659,0.659,0.659
Luxembourg,Western Europe,20,6.871,1.69752,1.03999,0.84542,0.5487,0.35329,0.27571,56,5.833,1.14723,1.25745,0.73128,0.21342,0.01031,0.02641,18,6.862999916,1.741943598,1.457583666,0.845089495,0.596627891,0.283180982,0.318834424,17,6.91,1.576,1.52,0.896,0.632,0.196,14,7.09,1.609,1.479,1.012,0.526,0.194,10,7.237500191,1.145068073,0.906912208,0.671021576,0.90563643,-0.004620588,8,7.324,1.1647,0.908,0.726,0.907,-0.034,6,7.404,2.209,1.155,0.79,0.79,0.79
Macedonia,Central and Eastern Europe,95,5.121,1.0193,0.78236,0.64738,0.27668,0.07047,0.23507,17,6.946,1.56391,1.21963,0.91894,0.61583,0.37798,0.28034,92,5.175000191,1.064577937,1.207893014,0.644948184,0.325905979,0.253760964,0.060277794,89,5.185,0.959,1.239,0.691,0.394,0.173,0,0,0,0,0,0,0,90,5.159800053,0.951059151,0.820392311,0.705999985,0.738840938,-0.019877451,0,0,0,0,0,0,0,0,0,0,0,0,0,0
Madagascar,Sub-Saharan Africa,148,3.695,0.27954,0.46115,0.37109,0.13684,0.07506,0.2204,93,5.007,0.91851,1.00232,0.73545,0.33457,0.05327,0.22359,144,3.644000053,0.305808693,0.913020372,0.375223309,0.189196765,0.20873253,0.067231975,143,3.774,0.262,0.908,0.402,0.221,0.155,143,3.933,0.274,0.916,0.555,0.148,0.169,137,4.165599823,0.728168583,0.668195903,0.517269821,0.557574093,-0.011823639,135,4.208,0.7396,0.686,0.59305,0.552,-0.005,128,4.339,0.67,0.645,0.378,0.378,0.378
Malawi,Sub-Saharan Africa,132,4.156,0.08709,0.147,0.29364,0.4143,0.07564,0.30968,147,3.681,0.20824,0.66801,0.46721,0.19184,0.08124,0.21333,136,3.970000029,0.233442038,0.512568831,0.315089583,0.466914654,0.28717047,0.072711654,147,3.587,0.186,0.541,0.306,0.531,0.21,150,3.41,0.191,0.56,0.495,0.443,0.218,145,3.538000107,0.70622263,0.544007301,0.72199997,0.803223193,0.021433279,144,3.6,0.6958,0.537,0.57948,0.78,0.038,138,3.75,0.648,0.279,0.388,0.388,0.388
Malaysia,Southeastern Asia,47,6.005,1.25142,0.88025,0.62366,0.39031,0.09081,0.41474,131,4.292,0.01604,0.41134,0.22562,0.43054,0.06977,0.33128,42,6.084000111,1.29121542,1.284646034,0.618784428,0.402264982,0.41660893,0.065600708,35,6.322,1.161,1.258,0.669,0.356,0.311,80,5.339,1.221,1.171,0.828,0.508,0.26,82,5.384300232,1.026251888,0.816509426,0.570101776,0.894626856,0.114726797,81,5.384,1.0238,0.817,0.67102,0.895,0.125,70,5.711,1.689,0.938,0.62,0.62,0.62
Maldives,South Asia,0,0,0,0,0,0,0,0,0,0,0,0,0,0,0,0,0,0,0,0,0,0,0,0,0,0,0,0,0,0,0,0,0,0,0,0,0,0,87,5.197599888,0.951863289,0.91316092,0.664043427,0.853962779,0.038085498,89,5.198,0.9826,0.913,0.706,0.854,0.024,0,0,0,0,0,0,0
Mali,Sub-Saharan Africa,135,4.073,0.31292,0.86333,0.16347,0.27544,0.13647,0.21064,61,5.77,1.12486,1.07023,0.72394,0.53024,0.10501,0.33075,127,4.190000057,0.476180494,1.281473398,0.169365674,0.306613743,0.183354199,0.104970247,118,4.447,0.37,1.233,0.152,0.367,0.139,128,4.39,0.385,1.105,0.308,0.327,0.153,114,4.729300022,0.76298523,0.731468976,0.682990265,0.71156615,-0.044366926,117,4.723,0.7744,0.724,0.51969,0.697,-0.036,123,4.479,0.792,0.483,0.311,0.311,0.311
Malta,Western Europe,30,6.488,1.30782,1.09879,0.80315,0.54994,0.17554,0.56237,138,3.995,0.26074,1.03526,0.20583,0.38857,0.12352,0.18798,27,6.52699995,1.343279839,1.488411665,0.821944237,0.588767052,0.574730575,0.153066069,22,6.627,1.27,1.525,0.884,0.645,0.376,22,6.726,1.3,1.52,0.999,0.564,0.375,22,6.772799969,1.053383827,0.93037951,0.650130158,0.924911439,0.214965805,23,6.602,1.0674,0.931,0.722,0.927,0.133,33,6.447,1.838,1.169,0.789,0.789,0.789
Mauritania,Sub-Saharan Africa,130,4.201,0.61391,0.84142,0.28639,0.1268,0.17955,0.22686,37,6.302,1.2074,1.30203,0.88721,0.60365,0.13586,0.51752,123,4.291999817,0.648457289,1.27203083,0.28534928,0.096098043,0.201870024,0.136957005,126,4.356,0.557,1.245,0.292,0.129,0.134,122,4.49,0.57,1.167,0.489,0.066,0.106,129,4.374599934,0.823391914,0.790819228,0.623044853,0.551522553,-0.106008142,134,4.227,0.8542,0.795,0.57161,0.561,-0.106,133,4.153,1.1,0.865,0.45,0.45,0.45
Mauritius,Sub-Saharan Africa,66,5.648,1.14372,0.75695,0.66189,0.46145,0.05203,0.36951,124,4.436,0.45407,0.86908,0.35874,0.24232,0.17461,0.219,64,5.629000187,1.189395547,1.20956099,0.638007462,0.491247326,0.360933751,0.042181555,55,5.891,1.09,1.387,0.684,0.584,0.245,57,5.888,1.12,1.402,0.798,0.498,0.215,49,6.101299763,0.995678616,0.910357833,0.685053482,0.889534533,-0.018318573,50,6.049,1.0008,0.905,0.66701,0.867,-0.054,52,6.071,1.591,1.116,0.568,0.568,0.568
Mexico,Latin America and Caribbean,21,6.778,1.11508,0.7146,0.71143,0.37709,0.18355,0.11735,71,5.477,1.00761,0.98521,0.7095,0.56066,0.07521,0.37744,25,6.578000069,1.153183818,1.21086216,0.709978998,0.412730008,0.120990433,0.132774115,24,6.488,1.038,1.252,0.761,0.479,0.069,23,6.595,1.07,1.323,0.861,0.433,0.074,24,6.465000153,0.97977972,0.838665426,0.658962402,0.858709276,-0.175266623,36,6.317,0.9859,0.831,0.68597,0.862,-0.147,46,6.128,1.552,0.886,0.623,0.623,0.623
Moldova,Central and Eastern Europe,55,5.897,0.69177,0.83132,0.52309,0.25202,0.01903,0.19997,14,7.187,1.02054,0.91451,0.81444,0.48181,0.21312,0.14074,56,5.837999821,0.72887063,1.251825571,0.589465201,0.240729049,0.208779126,0.010091286,67,5.64,0.657,1.301,0.62,0.232,0.171,71,5.529,0.685,1.328,0.739,0.245,0.181,70,5.607500076,0.877671433,0.843313575,0.54205822,0.721609175,-0.037741039,65,5.766,0.9454,0.857,0.65699,0.822,-0.079,62,5.857,1.417,1.008,0.597,0.597,0.597
Mongolia,Eastern Asia,101,4.907,0.98853,1.08983,0.55469,0.35972,0.03285,0.34539,52,5.889,0.59448,1.01528,0.61826,0.32818,0.01615,0.20951,100,4.954999924,1.027235866,1.493011236,0.557783484,0.394143969,0.33846423,0.032902289,94,5.125,0.914,1.517,0.575,0.395,0.253,83,5.285,0.948,1.531,0.667,0.317,0.235,81,5.456200123,0.941218662,0.937142491,0.589617119,0.693351328,0.098093867,70,5.677,0.94,0.935,0.625,0.708,0.116,68,5.761,1.393,1.197,0.467,0.467,0.467
Montenegro,Central and Eastern Europe,88,5.161,1.07838,0.74173,0.63533,0.15111,0.12721,0.17191,100,4.874,0.82819,1.3006,0.60268,0.43626,0.02666,0.3323,83,5.236999989,1.121129036,1.238376498,0.667464674,0.194989055,0.197911024,0.088174194,81,5.347,1.017,1.279,0.729,0.259,0.111,73,5.523,1.051,1.361,0.871,0.197,0.142,72,5.54610014,0.975186062,0.855314612,0.565014877,0.649565637,-0.075600356,72,5.581,0.994,0.858,0.68699,0.708,-0.034,75,5.547,1.573,1.023,0.659,0.659,0.659
Morocco,Middle East and Northern Africa,90,5.151,0.84058,0.38595,0.59471,0.25646,0.08404,0.04053,82,5.192,0.97438,0.90557,0.72521,0.1826,0.14296,0.1614,84,5.235000134,0.878114581,0.774864435,0.597710669,0.408158332,0.032209955,0.087763183,85,5.254,0.779,0.797,0.669,0.46,0.026,89,5.208,0.801,0.782,0.782,0.418,0.036,97,5.094799995,0.894031334,0.592628479,0.637791786,0.772072434,-0.240377247,106,4.918,0.8903,0.56,0.66208,0.774,-0.236,100,5.06,1.208,0.268,0.565,0.565,0.565
Mozambique,Sub-Saharan Africa,0,0,0,0,0,0,0,0,0,0,0,0,0,0,0,0,113,4.550000191,0.23430565,0.870701015,0.106654435,0.480791092,0.322228104,0.179436386,123,4.417,0.198,0.902,0.173,0.531,0.206,123,4.466,0.204,0.986,0.39,0.494,0.197,120,4.623600006,0.706934595,0.723874032,0.723009186,0.864451885,0.032375868,115,4.794,0.7158,0.744,0.54706,0.882,0.061,101,5.048,0.578,0.66,0.191,0.191,0.191
Myanmar,Southeastern Asia,119,4.395,0.34112,0.69981,0.3988,0.42692,0.20243,0.81971,92,5.013,0.73479,0.64095,0.60954,0.41691,0.08546,0.07172,114,4.545000076,0.36711055,1.123235941,0.397522569,0.514492035,0.838075161,0.188816205,130,4.308,0.682,1.174,0.429,0.58,0.598,131,4.36,0.71,1.181,0.555,0.525,0.566,133,4.308000088,0.868048191,0.78440702,0.732026291,0.895075202,0.560663998,126,4.426,0.8541,0.779,0.59302,0.876,0.509,126,4.394,1.038,0.829,0.491,0.491,0.491
Namibia,Sub-Saharan Africa,113,4.574,0.93287,0.70362,0.34745,0.48614,0.10398,0.07795,94,4.971,0.08308,1.02626,0.09131,0.34037,0.15603,0.22269,111,4.573999882,0.964434326,1.098470807,0.338611811,0.520303547,0.077133745,0.093146972,119,4.441,0.874,1.281,0.365,0.519,0.051,113,4.639,0.879,1.313,0.477,0.401,0.07,122,4.571100235,0.920314121,0.846880972,0.675071793,0.767520964,-0.18530646,124,4.574,0.9161,0.818,0.56799,0.719,-0.149,124,4.459,1.292,0.877,0.354,0.354,0.354
Nepal,South Asia,107,4.793,0.44626,0.69699,0.50073,0.37012,0.07008,0.3816,129,4.307,0.27108,0.70905,0.48246,0.44017,0.19034,0.79588,99,4.961999893,0.479820192,1.179283261,0.504130781,0.440305948,0.394096166,0.072975546,101,4.88,0.425,1.228,0.539,0.526,0.302,100,4.913,0.446,1.226,0.677,0.439,0.285,92,5.137199879,0.792535734,0.785512447,0.535000954,0.797565043,0.154168829,87,5.269,0.812,0.774,0.64233,0.782,0.152,84,5.377,0.984,0.784,0.499,0.499,0.499
Netherlands,Western Europe,7,7.339,1.46468,1.02912,0.81231,0.55211,0.29927,0.47416,121,4.514,0.35997,0.86449,0.56874,0.38282,0.05907,0.32296,6,7.376999855,1.503944635,1.428939223,0.810696125,0.585384488,0.47048983,0.282661825,6,7.441,1.361,1.488,0.878,0.638,0.333,5,7.488,1.396,1.522,0.999,0.557,0.322,6,7.448900223,1.081271172,0.93913883,0.49861908,0.908547819,0.20761244,5,7.464,1.0932,0.942,0.724,0.913,0.175,5,7.415,1.945,1.206,0.787,0.787,0.787
New Zealand,Australia and New Zealand,8,7.334,1.36066,1.17278,0.83096,0.58147,0.41904,0.49401,7,7.378,1.32944,1.28017,0.89284,0.61576,0.31814,0.4761,8,7.31400013,1.405706048,1.548195124,0.816759706,0.61406213,0.500005126,0.382816702,8,7.324,1.268,1.601,0.876,0.669,0.365,8,7.307,1.303,1.557,1.026,0.585,0.33,8,7.299600124,1.050094318,0.949118972,0.737022247,0.936217487,0.191598073,9,7.277,1.0643,0.948,0.734,0.929,0.134,10,7.2,1.852,1.235,0.752,0.752,0.752
Nicaragua,Latin America and Caribbean,48,5.992,0.69384,0.89521,0.65213,0.46582,0.16292,0.29773,9,7.286,1.25018,1.31967,0.90837,0.63938,0.42922,0.47501,43,6.071000099,0.737299204,1.28721571,0.653095961,0.447551847,0.301674217,0.130687982,41,6.141,0.668,1.319,0.7,0.527,0.208,45,6.105,0.694,1.325,0.835,0.435,0.2,46,6.13710022,0.849316025,0.857497036,0.732007828,0.863902867,0.020959141,55,5.972,0.862,0.864,0.67657,0.836,0.02,45,6.165,1.105,1.029,0.617,0.617,0.617
Niger,Sub-Saharan Africa,142,3.856,0.1327,0.6053,0.26162,0.38041,0.17176,0.2097,57,5.828,0.59325,1.14184,0.74314,0.55475,0.19317,0.27815,135,4.027999878,0.161925331,0.993025005,0.268505007,0.363658696,0.228673846,0.138572946,134,4.166,0.131,0.867,0.221,0.39,0.175,114,4.628,0.138,0.774,0.366,0.318,0.188,103,4.909599781,0.68421669,0.617435038,0.582531357,0.759772122,0.013860817,96,5.074,0.7098,0.641,0.5378,0.806,0.018,104,5.003,0.57,0.56,0.326,0.326,0.326
Nigeria,Sub-Saharan Africa,103,4.875,0.75216,0.64498,0.05108,0.27854,0.0305,0.23219,144,3.845,0.0694,0.77265,0.29707,0.47692,0.15639,0.19387,95,5.073999882,0.783756256,1.215770483,0.05691573,0.394952565,0.230947196,0.026121566,91,5.155,0.689,1.172,0.048,0.462,0.201,85,5.265,0.696,1.111,0.245,0.426,0.215,115,4.724100113,0.857662487,0.73721689,0.6225,0.759578407,0.033745807,116,4.759,0.8533,0.74,0.50102,0.737,0.037,118,4.552,1.079,0.732,0.3,0.3,0.3
North Macedonia,Central and Eastern Europe,0,0,0,0,0,0,0,0,0,0,0,0,0,0,0,0,0,0,0,0,0,0,0,0,0,0,0,0,0,0,0,84,5.274,0.983,1.294,0.838,0.345,0.185,0,0,0,0,0.696030121,0,0,94,5.536,1.0576,0.82,0.73898,0.795,0.012,79,5.467,1.815,0.888,0.819,0.819,0.819
North Cyprus,Western Europe,62,5.771,1.31141,0.81826,0.84142,0.43596,0.16578,0.26322,78,5.268,0.65435,0.90432,0.16007,0.34334,0.0403,0.27233,61,5.809999943,1.346911311,1.186303377,0.834647238,0.471203625,0.266845703,0.155353352,58,5.835,1.229,1.211,0.909,0.495,0.179,64,5.718,1.263,1.252,1.042,0.417,0.191,76,5.53550005,1.040570259,0.820356607,0.656399384,0.79529351,0.000227159,74,5.101,0.9693,0.805,0.65474,0.751,0.038,89,5.199,1.505,0.863,0.637,0.637,0.637
Norway,Western Europe,4,7.498,1.57744,1.1269,0.79579,0.59609,0.35776,0.37895,66,5.695,1.20806,1.07008,0.92356,0.49027,0.1428,0.26169,1,7.537000179,1.616463184,1.53352356,0.796666503,0.635422587,0.362012237,0.315963835,2,7.594,1.456,1.582,0.861,0.686,0.286,3,7.554,1.488,1.582,1.028,0.603,0.271,5,7.487999916,1.108780384,0.952486575,0.68100235,0.955750287,0.13453263,6,7.392,1.1053,0.954,0.733,0.96,0.093,8,7.365,1.997,1.239,0.786,0.786,0.786
Pakistan,South Asia,92,5.132,0.68816,0.26135,0.40306,0.14622,0.1388,0.31185,4,7.522,1.459,1.33095,0.88521,0.66973,0.36503,0.34699,80,5.269000053,0.726883531,0.67269069,0.402047783,0.235215262,0.315446019,0.124348067,75,5.472,0.652,0.81,0.424,0.334,0.216,67,5.653,0.677,0.886,0.535,0.313,0.22,66,5.69329977,0.848272705,0.689062297,0.619267616,0.734833717,0.04489987,105,4.934,0.8458,0.651,0.58709,0.726,0.098,121,4.516,1.049,0.413,0.374,0.374,0.374
Palestinian Territories,Middle East and Northern Africa,108,4.754,0.67024,0.71629,0.56844,0.17744,0.10613,0.11154,22,6.853,1.36011,1.08182,0.76276,0.63274,0.32524,0.21542,103,4.775000095,0.716249228,1.155647159,0.565666974,0.254711062,0.114173174,0.089282602,104,4.743,0.642,1.217,0.602,0.266,0.086,110,4.696,0.657,1.247,0.672,0.225,0.103,125,4.552800179,0.83892231,0.825295925,0.693111343,0.645791829,-0.162079096,125,4.517,0.8485,0.826,0.6225,0.653,-0.163,122,4.483,1.148,0.957,0.521,0.521,0.521
Panama,Latin America and Caribbean,25,6.701,1.18306,0.98912,0.70835,0.48927,0.08423,0.2418,81,5.194,0.59543,0.41411,0.51466,0.12102,0.10464,0.33671,30,6.452000141,1.233748436,1.373192549,0.706156135,0.550026834,0.210556939,0.070983924,27,6.43,1.112,1.438,0.759,0.597,0.125,31,6.321,1.149,1.442,0.91,0.516,0.109,36,6.304800034,1.003423405,0.902094483,0.724020233,0.880366504,-0.153927714,41,6.18,1.035,0.896,0.69652,0.872,-0.166,37,6.309,1.715,1.107,0.709,0.709,0.709
Paraguay,Latin America and Caribbean,70,5.538,0.89373,1.11111,0.58295,0.46235,0.07396,0.25296,108,4.715,0.59867,0.92558,0.66015,0.24499,0.12905,0.11251,70,5.493000031,0.932537317,1.50728488,0.579250693,0.473507792,0.224150658,0.091065913,64,5.681,0.835,1.522,0.615,0.541,0.162,63,5.743,0.855,1.475,0.777,0.514,0.184,67,5.692100048,0.938998222,0.898727894,0.672072372,0.885923445,0.007997713,71,5.653,0.9448,0.893,0.659,0.876,0.028,73,5.578,1.409,1.13,0.624,0.624,0.624
Peru,Latin America and Caribbean,64,5.743,0.99602,0.81255,0.62994,0.37502,0.05292,0.14527,25,6.786,1.06353,1.1985,0.79661,0.5421,0.0927,0.24434,63,5.715000153,1.035225272,1.218770385,0.630166113,0.450002879,0.126819715,0.047049087,65,5.663,0.934,1.249,0.674,0.53,0.092,65,5.697,0.96,1.274,0.854,0.455,0.083,63,5.796800137,0.945631313,0.831075251,0.641004562,0.824766099,-0.16238822,63,5.84,0.9458,0.832,0.6825,0.822,-0.154,74,5.559,1.397,0.865,0.735,0.735,0.735
Philippines,Southeastern Asia,82,5.279,0.81217,0.87877,0.47036,0.54854,0.11757,0.21674,53,5.878,0.75985,1.30477,0.66098,0.53899,0.08242,0.3424,72,5.429999828,0.857699215,1.253917575,0.468009055,0.585214674,0.193513423,0.099331893,71,5.524,0.775,1.312,0.513,0.643,0.12,69,5.631,0.807,1.293,0.657,0.558,0.117,52,6.006000042,0.899354553,0.846730053,0.610988464,0.915463448,-0.105463006,61,5.88,0.9076,0.83,0.62,0.917,-0.097,60,5.904,1.268,0.912,0.514,0.514,0.514
Poland,Central and Eastern Europe,57,5.835,1.24585,1.04685,0.69058,0.4519,0.055,0.14443,58,5.824,0.90019,0.97459,0.73017,0.41496,0.05989,0.14982,46,5.97300005,1.291787863,1.44571197,0.699475348,0.520342112,0.158465967,0.059307806,42,6.123,1.176,1.448,0.781,0.546,0.108,40,6.182,1.206,1.438,0.884,0.483,0.117,43,6.186299801,1.026512432,0.874257445,0.663051453,0.862055779,-0.205084071,44,6.166,1.0382,0.898,0.69702,0.841,-0.165,48,6.123,1.758,1.174,0.712,0.712,0.712
Portugal,Western Europe,94,5.123,1.27607,0.94367,0.79363,0.44727,0.01521,0.11691,90,5.073,0.70532,1.03516,0.58114,0.62545,0.12279,0.24991,89,5.195000172,1.315175295,1.367043018,0.795843542,0.4984653,0.095102713,0.015869452,77,5.41,1.188,1.429,0.884,0.562,0.055,66,5.693,1.221,1.431,0.999,0.508,0.047,59,5.910900116,1.026374245,0.886590719,0.595991516,0.888747811,-0.220714301,58,5.929,1.0421,0.879,0.726,0.892,-0.244,56,6.016,1.76,1.078,0.777,0.777,0.777
Puerto Rico,Latin America and Caribbean,15,7.039,1.35943,1.08113,0.77758,0.46823,0.12275,0.22202,60,5.791,1.12555,1.27948,0.77903,0.53122,0.04212,0.16759,0,0,0,0,0,0,0,0,0,0,0,0,0,0,0,0,0,0,0,0,0,0,0,0,0,0,0.682102051,0,0,0,0,0,0,0,0,0,0,0,0,0,0,0,0
Qatar,Middle East and Northern Africa,36,6.375,1.82427,0.87964,0.71723,0.56679,0.48049,0.32388,88,5.102,1.15991,1.13935,0.87519,0.51469,0.01078,0.13719,35,6.375,1.870765686,1.27429688,0.710098088,0.604130983,0.33047387,0.439299256,32,6.374,1.649,1.303,0.748,0.654,0.256,29,6.374,1.684,1.313,0.871,0.555,0.22,0,0,0,0,0.508651428,0,0,0,0,0,0,0,0,0,0,0,0,0,0,0,0
Romania,Central and Eastern Europe,71,5.528,1.1697,0.72803,0.67602,0.36712,0.00679,0.12889,28,6.611,1.69042,1.0786,0.79733,0.6404,0.52208,0.32573,57,5.824999809,1.217683911,1.15009129,0.685158312,0.457003742,0.133519918,0.004387901,52,5.945,1.116,1.219,0.726,0.528,0.088,48,6.07,1.162,1.232,0.825,0.462,0.083,47,6.123700142,1.0107584,0.825161517,0.768045807,0.842823207,-0.19781521,46,6.14,1.0284,0.832,0.67355,0.845,-0.219,28,6.477,1.719,1.006,0.655,0.655,0.655
Russia,Central and Eastern Europe,56,5.856,1.23228,1.05261,0.58991,0.32682,0.03586,0.02736,86,5.124,1.04345,0.88588,0.7689,0.35068,0.00649,0.13748,49,5.962999821,1.281778097,1.469282389,0.547349334,0.373783112,0.052263822,0.032962881,59,5.81,1.151,1.479,0.599,0.399,0.065,68,5.648,1.183,1.452,0.726,0.334,0.082,73,5.546000004,1.012887192,0.903150737,0.689063416,0.729892612,-0.151153743,77,5.477,1.0189,0.903,0.64703,0.718,-0.111,80,5.459,1.685,1.095,0.586,0.586,0.586
Rwanda,Sub-Saharan Africa,152,3.515,0.32846,0.61586,0.31865,0.5432,0.50521,0.23552,64,5.716,1.13764,1.23617,0.66926,0.36679,0.03005,0.00199,151,3.470999956,0.368745893,0.945707023,0.326424807,0.581843853,0.252756029,0.455220014,151,3.408,0.332,0.896,0.4,0.636,0.2,152,3.334,0.359,0.711,0.614,0.555,0.217,150,3.312299967,0.760010433,0.54083544,0.711029892,0.900589406,0.055483952,147,3.415,0.7676,0.552,0.614,0.897,0.061,143,3.268,0.785,0.133,0.462,0.462,0.462
Saudi Arabia,Middle East and Northern Africa,34,6.379,1.48953,0.84829,0.59267,0.37904,0.30008,0.15457,154,3.465,0.22208,0.7737,0.42864,0.59201,0.55191,0.22628,37,6.343999863,1.530623555,1.286677599,0.59014833,0.449750572,0.147616014,0.273432255,33,6.371,1.379,1.331,0.633,0.509,0.098,28,6.375,1.403,1.357,0.795,0.439,0.08,27,6.406499863,1.079781246,0.874067068,0.56506012,0.854191244,-0.168695062,26,6.494,1.0743,0.891,0.66603,0.877,-0.149,25,6.523,1.87,1.092,0.577,0.577,0.577
Senegal,Sub-Saharan Africa,128,4.219,0.44314,0.77416,0.40457,0.31056,0.11681,0.19103,35,6.411,1.39541,1.08393,0.72025,0.31048,0.32524,0.13706,115,4.534999847,0.479309022,1.179691911,0.409362853,0.377922267,0.183468893,0.115460448,109,4.631,0.429,1.117,0.433,0.406,0.138,111,4.681,0.45,1.134,0.571,0.292,0.153,101,4.980800152,0.811898232,0.723616004,0.736027298,0.690596163,-0.052335154,92,5.132,0.8118,0.71,0.59802,0.695,-0.046,103,5.046,0.933,0.53,0.447,0.447,0.447
Serbia,Central and Eastern Europe,86,5.177,1.03437,0.81329,0.6458,0.15718,0.04339,0.20737,142,3.904,0.36498,0.97619,0.4354,0.36772,0.10713,0.20843,73,5.394999981,1.069317579,1.258189797,0.650784671,0.208715528,0.220125884,0.040903781,78,5.398,0.975,1.369,0.685,0.288,0.134,70,5.603,1.004,1.383,0.854,0.282,0.137,64,5.77820015,0.968098068,0.881475747,0.51,0.726495862,-0.073676221,48,6.078,0.9787,0.873,0.686,0.778,0.002,43,6.178,1.55,1.086,0.658,0.658,0.658
Sierra Leone,Sub-Saharan Africa,111,4.635,0.36485,0.628,0,0.30685,0.08196,0.23897,87,5.123,0.92053,1.00964,0.74836,0.20107,0.02617,0.19231,106,4.709000111,0.368420929,0.984136045,0.005564754,0.318697691,0.293040901,0.071095176,113,4.571,0.256,0.813,0,0.355,0.238,129,4.374,0.268,0.841,0.242,0.309,0.252,139,3.926399946,0.726880312,0.636142015,0.7440271,0.715315044,0.088660747,138,3.849,0.7434,0.63,0.51651,0.717,0.084,140,3.574,0.686,0.416,0.273,0.273,0.273
Singapore,Southeastern Asia,22,6.739,1.64555,0.86758,0.94719,0.4877,0.46987,0.32706,123,4.507,0.33024,0.95571,0,0.4084,0.08786,0.21488,26,6.572000027,1.69227767,1.353814363,0.949492395,0.549840569,0.345965981,0.464307785,34,6.343,1.529,1.451,1.008,0.631,0.261,34,6.262,1.572,1.463,1.141,0.556,0.271,31,6.377099991,1.139552116,0.910268962,0.672000656,0.926645339,0.029879224,32,6.377,1.1488,0.915,0.76953,0.927,-0.018,27,6.48,2.149,1.127,0.851,0.851,0.851
Slovakia,Central and Eastern Europe,45,6.078,1.27973,1.08268,0.70367,0.23391,0.02947,0.13837,24,6.798,1.52186,1.02,1.02525,0.54252,0.4921,0.31105,40,6.09800005,1.325393558,1.505059242,0.712732911,0.295817465,0.136544481,0.024210852,39,6.173,1.21,1.537,0.776,0.354,0.118,38,6.198,1.246,1.504,0.881,0.334,0.121,37,6.280600071,1.034774971,0.922493756,0.511882362,0.749952674,-0.124409303,34,6.331,1.0369,0.936,0.69201,0.766,-0.124,35,6.391,1.736,1.232,0.707,0.707,0.707
Slovenia,Central and Eastern Europe,63,5.768,1.29947,1.05613,0.79151,0.53164,0.03635,0.25738,45,5.995,1.16891,1.26999,0.78902,0.31751,0.03431,0.16893,62,5.757999897,1.341205955,1.452518821,0.790828228,0.572575808,0.242649093,0.045128979,51,5.948,1.219,1.506,0.856,0.633,0.16,44,6.118,1.258,1.523,0.953,0.564,0.144,33,6.363399982,1.039232254,0.939575672,0.72600769,0.936142623,-0.080603383,29,6.461,1.0529,0.948,0.714,0.949,-0.101,22,6.63,1.81,1.249,0.769,0.769,0.769
Somalia,Sub-Saharan Africa,76,5.44,0,0.33613,0.11466,0.56778,0.3118,0.27225,55,5.848,1.18498,1.27385,0.87337,0.60855,0.03787,0.25328,93,5.151000023,0.022643184,0.721151352,0.113989137,0.602126956,0.291631311,0.282410324,98,4.982,0,0.712,0.115,0.674,0.238,112,4.668,0,0.698,0.268,0.559,0.243,0,0,0,0,0.741024475,0,0,0,0,0,0,0,0,0,0,0,0,0,0,0,0
Somaliland Region,Sub-Saharan Africa,97,5.057,0.25558,0.75862,0.33108,0.3913,0.36794,0.51479,91,5.057,0.18847,0.95152,0.43873,0.46582,0.39928,0.50318,0,0,0,0,0,0,0,0,0,0,0,0,0,0,0,0,0,0,0,0,0,0,0,0,0,0,0.695999985,0,0,0,0,0,0,0,0,0,0,0,0,0,0,0,0
South Africa,Sub-Saharan Africa,116,4.459,1.02416,0.96053,0.18611,0.42483,0.08415,0.13656,113,4.642,0.92049,1.18468,0.27688,0.33207,0.08884,0.11973,101,4.828999996,1.054698706,1.384788632,0.18708007,0.479246736,0.13936238,0.072509497,105,4.724,0.94,1.41,0.33,0.516,0.103,106,4.722,0.96,1.351,0.469,0.389,0.13,109,4.814099789,0.940337086,0.852532268,0.641045914,0.759330094,-0.109777324,103,4.956,0.9403,0.86,0.56904,0.749,-0.067,91,5.194,1.425,1.088,0.361,0.361,0.361
South Korea,Eastern Asia,57,5.835,1.35948,0.72194,0.88645,0.25168,0.07716,0.18824,47,5.984,1.24461,0.95774,0.96538,0.33208,0.07857,0.18557,55,5.837999821,1.401678443,1.128274441,0.900214076,0.257921666,0.206674367,0.063282669,57,5.875,1.266,1.204,0.955,0.244,0.175,54,5.895,1.301,1.219,1.036,0.159,0.175,61,5.872399807,1.051056671,0.799387157,0.574960747,0.612965107,-0.043404032,62,5.845,1.0651,0.799,0.739,0.672,-0.083,59,5.935,1.851,0.886,0.841,0.841,0.841
South Sudan,Sub-Saharan Africa,143,3.832,0.39394,0.18519,0.15781,0.19662,0.13015,0.25899,36,6.329,1.23011,1.31379,0.95562,0.45951,0.06398,0.18227,147,3.59100008,0.397248626,0.601323128,0.163486004,0.147062436,0.285670817,0.116793513,154,3.254,0.337,0.608,0.177,0.112,0.224,156,2.853,0.306,0.575,0.295,0.01,0.202,152,2.816600084,0.742535973,0.553707123,0.672505951,0.451313615,0.016518548,0,,0,,0,,,,0,0,0,0,0,0
Spain,Western Europe,37,6.361,1.34253,1.12945,0.87896,0.37545,0.06137,0.17665,132,4.271,0.83524,1.01905,0.70806,0.53726,0.09179,0.40828,34,6.402999878,1.384397864,1.532090902,0.8889606,0.40878123,0.190133572,0.070914097,36,6.31,1.251,1.538,0.965,0.449,0.142,30,6.354,1.286,1.484,1.062,0.362,0.153,28,6.400899887,1.046292686,0.921125412,0.547198982,0.751989543,-0.050961714,27,6.491,1.0571,0.932,0.747,0.761,-0.081,29,6.476,1.808,1.211,0.808,0.808,0.808
Sri Lanka,South Asia,117,4.415,0.97318,0.84783,0.62007,0.50817,0.07964,0.46978,118,4.55,0.52107,1.01404,0.36878,0.10081,0.1466,0.19062,120,4.440000057,1.009850144,1.259976387,0.625130832,0.561213255,0.490863562,0.073653966,116,4.471,0.918,1.314,0.672,0.585,0.307,130,4.366,0.949,1.265,0.831,0.47,0.244,130,4.327000141,0.938996983,0.825374067,0.635,0.837633669,0.081129618,129,4.325,0.947,0.827,0.67299,0.841,0.079,127,4.362,1.415,0.934,0.66,0.66,0.66
Sudan,Sub-Saharan Africa,133,4.139,0.63069,0.81928,0.29759,0,0.10039,0.18077,40,6.269,0.99534,0.972,0.6082,0.59657,0.13633,0.16991,130,4.138999939,0.659516692,1.21400857,0.290920824,0.014995855,0.182317451,0.08984752,137,4.139,0.605,1.24,0.312,0.016,0.134,0,0,0,0,0,0,0,0,0,0,0,0.668978577,0,0,0,0,0,0,0,0,0,0,0,0,0,0,0,0
Suriname,Latin America and Caribbean,40,6.269,1.09686,0.77866,0.50933,0.52234,0.12692,0.16665,101,4.867,0.71206,1.07284,0.07566,0.30658,0.0306,0.18259,0,0,0,0,0,0,0,0,0,0,0,0,0,0,0,135,4.212,0.811,1.149,0,0.313,0.074,0,0,0,0,0.669028168,0,0,0,0,0,0,0,0,0,0,0,0,0,0,0,0
Swaziland,Sub-Saharan Africa,0,0,0,0,0,0,0,0,0,0,0,0,0,0,0,0,0,0,0,0,0,0,0,0,0,0,0,0,0,0,0,0,0,0,0,0,0,0,132,4.308100224,0.916267395,0.770290196,0.622117081,0.646822274,-0.19920142,130,4.308,0.9065,0.77,0.50833,0.647,-0.185,0,0,0,0,0,0,0
Sweden,Western Europe,10,7.291,1.45181,1.08764,0.83121,0.58218,0.40867,0.38254,8,7.364,1.33171,1.28907,0.91087,0.6598,0.43844,0.36262,9,7.28399992,1.494387269,1.478162169,0.830875158,0.612924099,0.385399252,0.384398729,9,7.314,1.355,1.501,0.913,0.659,0.285,7,7.343,1.387,1.487,1.009,0.574,0.267,7,7.353499889,1.075879383,0.926311195,0.557082024,0.939144194,0.111614622,7,7.363,1.0867,0.934,0.727,0.945,0.086,7,7.384,1.92,1.204,0.803,0.803,0.803
Switzerland,Western Europe,2,7.509,1.52733,1.14524,0.86303,0.58557,0.41203,0.28083,1,7.587,1.39651,1.34951,0.94143,0.66557,0.41978,0.29678,4,7.493999958,1.564979553,1.516911745,0.858131289,0.620070577,0.290549278,0.367007285,5,7.487,1.42,1.549,0.927,0.66,0.256,6,7.48,1.452,1.526,1.052,0.572,0.263,3,7.559899807,1.097993279,0.942846596,0.64606781,0.921336651,0.105911039,3,7.571,1.1117,0.942,0.744,0.919,0.025,4,7.512,2.026,1.226,0.822,0.822,0.822
Syria,Middle East and Northern Africa,156,3.069,0.74719,0.14866,0.62994,0.06912,0.17233,0.48397,156,3.006,0.6632,0.47489,0.72193,0.15684,0.18906,0.47179,152,3.461999893,0.777153134,0.396102607,0.500533342,0.081539445,0.493663728,0.151347131,150,3.462,0.689,0.382,0.539,0.088,0.376,149,3.462,0.619,0.378,0.44,0.013,0.331,0,0,0,0,0.670827866,0,0,0,0,0,0,0,0,0,,0,0,0,0,0,0
Taiwan,Eastern Asia,34,6.379,1.39729,0.92624,0.79565,0.32377,0.0663,0.25495,38,6.298,1.29098,1.07617,0.8753,0.3974,0.08129,0.25376,33,6.421999931,1.433626533,1.384565353,0.793984234,0.361466587,0.258360475,0.063829236,26,6.441,1.365,1.436,0.857,0.418,0.151,25,6.446,1.368,1.43,0.914,0.351,0.242,25,6.45539999,1.077568531,0.894309103,0.723016052,0.77153033,-0.073198698,24,6.584,1.0871,0.898,0.696,0.784,-0.07,26,6.512,1.897,1.095,0.733,0.733,0.733
Tajikistan,Central and Eastern Europe,100,4.996,0.48835,0.75602,0.53119,0.43408,0.13509,0.25998,106,4.786,0.39047,0.85563,0.57379,0.47216,0.15072,0.22974,96,5.040999889,0.524713635,1.271463275,0.529235125,0.471566707,0.248997644,0.146377146,88,5.199,0.474,1.166,0.598,0.292,0.187,74,5.467,0.493,1.098,0.718,0.389,0.23,71,5.555699825,0.802481079,0.835297108,0.682994995,0.831383407,-0.025088511,78,5.466,0.8091,0.86,0.64281,0.832,-0.056,83,5.377,0.966,1.005,0.518,0.518,0.518
Tanzania,Sub-Saharan Africa,149,3.666,0.47155,0.77623,0.357,0.3176,0.05099,0.31472,146,3.781,0.2852,1.00268,0.38215,0.32878,0.05747,0.34377,153,3.348999977,0.511135876,1.041989803,0.364509284,0.390017778,0.354256362,0.066035107,153,3.303,0.455,0.991,0.381,0.481,0.27,153,3.231,0.476,0.885,0.499,0.417,0.276,148,3.476200104,0.79676652,0.688933194,0.690025482,0.82153976,0.109668687,142,3.623,0.7876,0.702,0.57999,0.833,0.183,139,3.702,0.848,0.597,0.425,0.425,0.425
Thailand,Southeastern Asia,33,6.474,1.0893,1.04477,0.64915,0.49553,0.02833,0.58696,34,6.455,0.9669,1.26504,0.7385,0.55664,0.03187,0.5763,32,6.423999786,1.127868772,1.425792456,0.647239029,0.580200732,0.57212311,0.031612735,46,6.072,1.016,1.417,0.707,0.637,0.364,52,6.008,1.05,1.409,0.828,0.557,0.359,54,5.998799801,0.974179173,0.889973223,0.651075745,0.905063033,0.268685192,54,5.985,0.9805,0.888,0.67401,0.884,0.287,61,5.891,1.535,1.096,0.697,0.697,0.697
Togo,Sub-Saharan Africa,155,3.303,0.28123,0,0.24811,0.34678,0.11587,0.17517,158,2.839,0.20868,0.13995,0.28443,0.36453,0.10731,0.16681,150,3.494999886,0.305444717,0.43188253,0.247105569,0.380426139,0.196896151,0.095665015,139,3.999,0.259,0.474,0.253,0.434,0.158,139,4.085,0.275,0.572,0.41,0.293,0.177,135,4.187200069,0.735771132,0.551312625,0.665053406,0.649828613,0.002667875,136,4.107,0.7362,0.569,0.54914,0.619,0.032,135,4.112,0.771,0.322,0.36,0.36,0.36
Trinidad and Tobago,Latin America and Caribbean,43,6.168,1.32572,0.98569,0.52608,0.48453,0.01241,0.31935,41,6.168,1.21183,1.18354,0.61483,0.55884,0.0114,0.31844,38,6.168000221,1.361355901,1.380228519,0.519983292,0.518630743,0.325296462,0.008964816,38,6.192,1.223,1.492,0.564,0.575,0.171,39,6.192,1.231,1.477,0.713,0.489,0.185,42,6.191899776,1.026000214,0.91529417,0.679527359,0.857907116,0.000526841,0,0,0,0,0,0,0,,0,0,0,0,0,0
Tunisia,Middle East and Northern Africa,98,5.045,0.97724,0.43165,0.59577,0.23553,0.0817,0.03936,107,4.739,0.88113,0.60429,0.73793,0.26268,0.06358,0.06431,102,4.804999828,1.007265806,0.86835146,0.613212049,0.28968069,0.049693357,0.086723149,111,4.592,0.9,0.906,0.69,0.271,0.04,124,4.461,0.921,1,0.815,0.167,0.059,128,4.392199993,0.931497288,0.688718557,0.567272835,0.593361557,-0.216413811,122,4.596,0.9266,0.691,0.67201,0.656,-0.201,120,4.516,1.35,0.596,0.656,0.656,0.656
Turkey,Middle East and Northern Africa,78,5.389,1.16492,0.87717,0.64718,0.23889,0.12348,0.04707,76,5.332,1.06098,0.94632,0.73172,0.22815,0.15746,0.12253,69,5.5,1.198274374,1.337753177,0.637605608,0.3007406,0.046693042,0.09967158,74,5.483,1.148,1.38,0.686,0.324,0.106,79,5.373,1.183,1.36,0.808,0.195,0.083,93,5.131800175,1.012941933,0.826313555,0.552993774,0.608830452,-0.171046436,104,4.948,1.024,0.822,0.67199,0.576,-0.139,112,4.744,1.707,0.865,0.702,0.702,0.702
Turkmenistan,Central and Eastern Europe,65,5.658,1.08017,1.03817,0.44006,0.37408,0.28467,0.22567,70,5.548,0.95847,1.22668,0.53886,0.4761,0.30844,0.16979,59,5.822000027,1.130776763,1.493149161,0.43772608,0.418271929,0.249924988,0.25927034,68,5.636,1.016,1.533,0.517,0.417,0.199,87,5.247,1.052,1.538,0.657,0.394,0.244,95,5.119100094,0.974803257,0.958966196,0.5561726,0.826457024,0.187671542,97,5.066,0.9629,0.983,0.62409,0.877,0.273,78,5.474,1.484,1.319,0.516,0.516,0.516
Uganda,Sub-Saharan Africa,145,3.739,0.34719,0.90981,0.19625,0.43653,0.06442,0.27102,141,3.931,0.21102,1.13299,0.33861,0.45727,0.07267,0.29066,133,4.080999851,0.381430715,1.129827738,0.217632607,0.443185955,0.325766057,0.057069719,135,4.161,0.322,1.09,0.237,0.45,0.259,136,4.189,0.332,1.069,0.443,0.356,0.252,126,4.43200016,0.750038958,0.764994621,55.70820236,0.731713951,0.099487431,119,4.636,0.7677,0.781,0.56101,0.709,0.122,117,4.603,0.777,0.875,0.418,0.418,0.418
Ukraine,Central and Eastern Europe,123,4.324,0.87287,1.01413,0.58628,0.12859,0.01829,0.20363,111,4.681,0.79907,1.20278,0.6739,0.25123,0.02961,0.15275,132,4.096000195,0.894651949,1.394537568,0.575903952,0.122974776,0.270061463,0.023029471,138,4.103,0.793,1.413,0.609,0.163,0.187,133,4.332,0.82,1.39,0.739,0.178,0.187,123,4.56069994,0.901069069,0.878879368,64.60678101,0.663081884,-0.030933706,110,4.875,0.9436,0.888,0.64902,0.724,-0.011,98,5.084,1.411,1.081,0.583,0.583,0.583
United Arab Emirates,Middle East and Northern Africa,28,6.573,1.57352,0.87114,0.72993,0.56215,0.35561,0.26591,20,6.901,1.42727,1.12575,0.80925,0.64157,0.38583,0.26428,21,6.647999763,1.626343369,1.266410232,0.726798236,0.60834527,0.360941947,0.324489564,20,6.774,2.096,0.776,0.67,0.284,0.186,21,6.825,1.503,1.31,0.825,0.598,0.262,21,6.790800095,1.11099987,0.849181116,67.08278656,0.941345513,0.123450845,25,6.561,1.1085,0.844,0.67333,0.932,0.074,24,6.576,1.998,0.98,0.633,0.633,0.633
United Kingdom,Western Europe,23,6.725,1.40283,1.08672,0.80991,0.50036,0.27399,0.50156,21,6.867,1.26637,1.28548,0.90943,0.59625,0.32067,0.51912,19,6.714000225,1.44163394,1.49646008,0.805335939,0.508190036,0.492774159,0.265428066,11,7.19,1.244,1.433,0.888,0.464,0.262,15,7.054,1.333,1.538,0.996,0.45,0.348,13,7.164500237,1.060013485,0.93668282,72.30160522,0.834743679,0.263732493,17,7.064,1.0707,0.934,0.725,0.859,0.233,17,6.943,1.867,1.143,0.75,0.75,0.75
United States,North America,13,7.104,1.50796,1.04782,0.779,0.48163,0.14868,0.41077,15,7.119,1.39451,1.24711,0.86179,0.54604,0.1589,0.40105,14,6.993000031,1.546259284,1.419920564,0.774286628,0.505740523,0.392578781,0.135638788,18,6.886,1.398,1.471,0.819,0.547,0.291,19,6.892,1.433,1.457,0.874,0.454,0.28,18,6.939599991,1.092576885,0.914219022,68.29949951,0.842619538,0.149891734,19,6.951,1.1023,0.92,0.682,0.837,0.098,16,6.977,1.982,1.182,0.628,0.628,0.628
Uruguay,Latin America and Caribbean,29,6.545,1.18157,1.03143,0.72183,0.54388,0.21394,0.18056,32,6.485,1.06166,1.2089,0.8116,0.60362,0.24558,0.2324,28,6.453999996,1.217559695,1.412227869,0.719216824,0.579392254,0.175096929,0.178061873,31,6.379,1.093,1.459,0.771,0.625,0.13,33,6.293,1.124,1.465,0.891,0.523,0.127,26,6.440100193,0.99481926,0.92281127,69.00254822,0.892395437,-0.101103112,31,6.431,0.9966,0.925,0.691,0.896,-0.092,30,6.474,1.615,1.18,0.672,0.672,0.672
Uzbekistan,Central and Eastern Europe,49,5.987,0.73591,1.1681,0.50163,0.60848,0.28333,0.34326,44,6.003,0.63244,1.34043,0.59772,0.65821,0.30826,0.22837,47,5.971000195,0.786441088,1.54896915,0.498272628,0.658248663,0.415983647,0.246528223,44,6.096,0.719,1.584,0.605,0.724,0.328,41,6.174,0.745,1.529,0.756,0.631,0.322,38,6.257599831,0.87403717,0.926595807,65.10757446,0.974998116,0.248427153,42,6.179,0.8836,0.918,0.65255,0.97,0.311,53,6.063,1.219,1.092,0.6,0.6,0.6
Venezuela,Latin America and Caribbean,44,6.084,1.13367,1.03302,0.61904,0.19847,0.08304,0.0425,23,6.81,1.04424,1.25596,0.72052,0.42908,0.11069,0.05841,82,5.25,1.128431201,1.431337595,0.617144227,0.153997123,0.06501963,0.064491123,102,4.806,0.996,1.469,0.657,0.133,0.056,108,4.707,0.96,1.427,0.805,0.154,0.064,99,5.053199768,0.897779369,0.890408158,66.50534058,0.62327832,-0.169090509,107,4.892,0.9073,0.861,0.667,0.615,-0.169,108,4.925,0,0.968,0.578,0.578,0.578
Vietnam,Southeastern Asia,96,5.061,0.74037,0.79117,0.66157,0.55954,0.11556,0.25075,75,5.36,0.63216,0.91226,0.74676,0.59444,0.10441,0.1686,94,5.073999882,0.788547575,1.277491331,0.652168989,0.571055591,0.234968051,0.087633237,95,5.103,0.715,1.365,0.702,0.618,0.177,94,5.175,0.741,1.346,0.851,0.543,0.147,83,5.353499889,0.880954552,0.849987149,67.9527359,0.939592957,-0.094533332,79,5.411,0.8973,0.85,0.68034,0.94,-0.098,77,5.485,1.252,0.932,0.611,0.611,0.611
Yemen,Middle East and Northern Africa,147,3.724,0.57939,0.47493,0.31048,0.2287,0.05892,0.09821,136,4.077,0.54649,0.68093,0.40064,0.35571,0.07854,0.09131,146,3.592999935,0.591683447,0.935382247,0.310080916,0.249463722,0.104125209,0.056767423,152,3.355,0.442,1.073,0.343,0.244,0.083,151,3.38,0.287,1.163,0.463,0.143,0.108,146,3.527400017,0.775968266,0.817980587,56.72728348,0.599920273,-0.157735437,141,3.658,0.7578,0.832,0.57122,0.602,-0.147,132,4.197,0.691,1.043,0.384,0.384,0.384
Zambia,Sub-Saharan Africa,106,4.795,0.61202,0.6376,0.23573,0.42662,0.11479,0.17866,85,5.129,0.47038,0.91612,0.29924,0.48827,0.12468,0.19591,116,4.513999939,0.636406779,1.003187299,0.257835895,0.461603492,0.249580145,0.07821355,125,4.377,0.562,1.047,0.295,0.503,0.221,138,4.107,0.578,1.058,0.426,0.431,0.247,141,3.759399891,0.822472,0.698824465,55.29937744,0.806500256,0.078037128,137,4.073,0.8145,0.708,0.55809,0.782,0.061,137,3.76,0.93,0.577,0.306,0.306,0.306
Zimbabwe,Sub-Saharan Africa,131,4.193,0.35041,0.71478,0.1595,0.25429,0.08582,0.18503,115,4.61,0.271,1.03276,0.33475,0.25861,0.08079,0.18987,138,3.875,0.375846535,1.083095908,0.196763754,0.336384207,0.189143494,0.095375381,144,3.692,0.357,1.094,0.248,0.406,0.132,146,3.663,0.366,1.114,0.433,0.361,0.151,151,3.299200058,0.786571169,0.763092756,55.61725998,0.711457908,-0.072063953,148,3.145,0.7943,0.75,0.56201,0.677,-0.047,144,2.995,0.947,0.69,0.27,0.27,0.27